budget_id,proj_id,approved_amount
3001,5001,122204
3002,5002,466706
3003,5003,144670
3004,5004,161837
3005,5005,427942
3006,5006,272890
3007,5007,770659
3008,5008,748690
3009,5009,416940
3010,5010,133326
3011,5011,603995
3012,5012,570455
3013,5013,243103
3014,5014,719853
3015,5015,765538
3016,5016,415143
3017,5017,169120
3018,5018,305500
3019,5019,435011
3020,5020,173032
3021,5021,272949
3022,5022,137491
3023,5023,748363
3024,5024,590736
3025,5025,600944
3026,5026,761406
3027,5027,737520
3028,5028,179546
3029,5029,731165
3030,5030,144191
3031,5031,308524
3032,5032,596020
3033,5033,721037
3034,5034,449040
3035,5035,280276
3036,5036,334158
3037,5037,328328
3038,5038,752050
3039,5039,143791
3040,5040,621190
3041,5041,773608
3042,5042,759238
3043,5043,177759
3044,5044,607054
3045,5045,152603
3046,5046,155426
3047,5047,588091
3048,5048,765380
3049,5049,145297
3050,5050,755807
3051,5051,743871
3052,5052,608741
3053,5053,604527
3054,5054,319572
3055,5055,438472
3056,5056,437713
3057,5057,613655
3058,5058,183540
3059,5059,444206
3060,5060,312094
3061,5061,732242
3062,5062,740164
3063,5063,750787
3064,5064,456064
3065,5065,304679
3066,5066,295106
3067,5067,720877
3068,5068,574178
3069,5069,176075
3070,5070,591794
3071,5071,749228
3072,5072,153713
3073,5073,346264
3074,5074,744598
3075,5075,769996
3076,5076,580378
3077,5077,439730
3078,5078,159566
3079,5079,312397
3080,5080,157729
3081,5081,150725
3082,5082,748406
3083,5083,475318
3084,5084,329887
3085,5085,447889
3086,5086,299049
3087,5087,744409
3088,5088,140115
3089,5089,465333
3090,5090,146559
3091,5091,304293
3092,5092,308177
3093,5093,536954
3094,5094,137340
3095,5095,451696
3096,5096,764698
3097,5097,480960
3098,5098,150312
3099,5099,270368
3100,5100,160986
3101,5101,597758
3102,5102,339994
3103,5103,624543
3104,5104,724322
3105,5105,436899
3106,5106,779576
3107,5107,152093
3108,5108,611516
3109,5109,594817
3110,5110,186008
3111,5111,452906
3112,5112,466116
3113,5113,421132
3114,5114,575666
3115,5115,341463
3116,5116,576956
3117,5117,312332
3118,5118,768590
3119,5119,755756
3120,5120,769589
3121,5121,563345
3122,5122,624338
3123,5123,702708
3124,5124,467236
3125,5125,353981
3126,5126,175296
3127,5127,601643
3128,5128,145525
3129,5129,449684
3130,5130,428465
3131,5131,296346
3132,5132,120691
3133,5133,732675
3134,5134,168024
3135,5135,466145
3136,5136,608238
3137,5137,153374
3138,5138,265041
3139,5139,742295
3140,5140,448523
3141,5141,418270
3142,5142,722061
3143,5143,769290
3144,5144,156417
3145,5145,126962
3146,5146,327378
3147,5147,619713
3148,5148,747396
3149,5149,274707
3150,5150,481915
3151,5151,783607
3152,5152,173323
3153,5153,772334
3154,5154,598916
3155,5155,752125
3156,5156,177230
3157,5157,154993
3158,5158,583369
3159,5159,731411
3160,5160,771917
3161,5161,192227
3162,5162,310760
3163,5163,344432
3164,5164,260624
3165,5165,125182
3166,5166,439785
3167,5167,710203
3168,5168,745642
3169,5169,173589
3170,5170,109296
3171,5171,768457
3172,5172,725434
3173,5173,733678
3174,5174,297320
3175,5175,448822
3176,5176,770152
3177,5177,746096
3178,5178,763830
3179,5179,171218
3180,5180,602422
3181,5181,493612
3182,5182,437621
3183,5183,133795
3184,5184,134348
3185,5185,344591
3186,5186,766801
3187,5187,173881
3188,5188,463848
3189,5189,598141
3190,5190,303021
3191,5191,730175
3192,5192,791642
3193,5193,748040
3194,5194,432664
3195,5195,270770
3196,5196,784523
3197,5197,620987
3198,5198,760061
3199,5199,712589
3200,5200,757947
3201,5201,594784
3202,5202,289883
3203,5203,777978
3204,5204,123195
3205,5205,421011
3206,5206,266736
3207,5207,581783
3208,5208,272166
3209,5209,618171
3210,5210,281840
3211,5211,153997
3212,5212,437157
3213,5213,769736
3214,5214,764391
3215,5215,751023
3216,5216,782062
3217,5217,438725
3218,5218,142940
3219,5219,153139
3220,5220,312687
3221,5221,111751
3222,5222,173008
3223,5223,137751
3224,5224,313067
3225,5225,134547
3226,5226,776814
3227,5227,470618
3228,5228,170754
3229,5229,158852
3230,5230,296234
3231,5231,715979
3232,5232,751075
3233,5233,623102
3234,5234,466005
3235,5235,735187
3236,5236,661472
3237,5237,171174
3238,5238,734996
3239,5239,138317
3240,5240,579262
3241,5241,297305
3242,5242,781556
3243,5243,759010
3244,5244,783145
3245,5245,631653
3246,5246,477467
3247,5247,333808
3248,5248,599902
3249,5249,453467
3250,5250,422432
3251,5251,461818
3252,5252,604791
3253,5253,489977
3254,5254,142877
3255,5255,429417
3256,5256,420976
3257,5257,777695
3258,5258,603607
3259,5259,143988
3260,5260,604712
3261,5261,274654
3262,5262,723789
3263,5263,334597
3264,5264,453883
3265,5265,158274
3266,5266,600168
3267,5267,137366
3268,5268,737356
3269,5269,579328
3270,5270,322797
3271,5271,609533
3272,5272,439294
3273,5273,314764
3274,5274,283761
3275,5275,770439
3276,5276,283229
3277,5277,753088
3278,5278,586433
3279,5279,179557
3280,5280,478917
3281,5281,764616
3282,5282,148526
3283,5283,290489
3284,5284,154290
3285,5285,735982
3286,5286,767794
3287,5287,446079
3288,5288,151983
3289,5289,304970
3290,5290,630993
3291,5291,749059
3292,5292,786148
3293,5293,617348
3294,5294,317228
3295,5295,437725
3296,5296,726105
3297,5297,151836
3298,5298,128760
3299,5299,114157
3300,5300,740669
3301,5301,417584
3302,5302,469525
3303,5303,577403
3304,5304,267098
3305,5305,139054
3306,5306,161779
3307,5307,741326
3308,5308,766391
3309,5309,762685
3310,5310,306320
3311,5311,737533
3312,5312,758666
3313,5313,551795
3314,5314,747778
3315,5315,773416
3316,5316,137462
3317,5317,606564
3318,5318,563576
3319,5319,764779
3320,5320,593863
3321,5321,143609
3322,5322,143208
3323,5323,755822
3324,5324,291218
3325,5325,752416
3326,5326,125288
3327,5327,741543
3328,5328,605867
3329,5329,296527
3330,5330,756920
3331,5331,612292
3332,5332,762240
3333,5333,613513
3334,5334,709481
3335,5335,126571
3336,5336,336298
3337,5337,619457
3338,5338,292147
3339,5339,761801
3340,5340,738072
3341,5341,462966
3342,5342,730803
3343,5343,607732
3344,5344,296157
3345,5345,764892
3346,5346,496822
3347,5347,751596
3348,5348,262262
3349,5349,754062
3350,5350,448146
3351,5351,552389
3352,5352,734640
3353,5353,464697
3354,5354,470682
3355,5355,321027
3356,5356,332616
3357,5357,594226
3358,5358,280475
3359,5359,418867
3360,5360,299922
3361,5361,738036
3362,5362,132739
3363,5363,566983
3364,5364,292310
3365,5365,733493
3366,5366,585547
3367,5367,334924
3368,5368,749497
3369,5369,446778
3370,5370,316134
3371,5371,590252
3372,5372,759669
3373,5373,763628
3374,5374,280486
3375,5375,144947
3376,5376,420672
3377,5377,727846
3378,5378,285254
3379,5379,456964
3380,5380,728484
3381,5381,302605
3382,5382,144292
3383,5383,444039
3384,5384,465029
3385,5385,633964
3386,5386,567460
3387,5387,760749
3388,5388,339877
3389,5389,619301
3390,5390,761906
3391,5391,113772
3392,5392,774777
3393,5393,783172
3394,5394,763127
3395,5395,618609
3396,5396,770946
3397,5397,613657
3398,5398,166110
3399,5399,267590
3400,5400,799859
3401,5401,169381
3402,5402,168375
3403,5403,607256
3404,5404,711210
3405,5405,253702
3406,5406,760062
3407,5407,599171
3408,5408,765152
3409,5409,143957
3410,5410,292882
3411,5411,744810
3412,5412,290920
3413,5413,728826
3414,5414,725068
3415,5415,759748
3416,5416,762344
3417,5417,690908
3418,5418,295870
3419,5419,595472
3420,5420,459113
3421,5421,159735
3422,5422,763821
3423,5423,143147
3424,5424,585852
3425,5425,415640
3426,5426,147783
3427,5427,718622
3428,5428,735882
3429,5429,722158
3430,5430,777118
3431,5431,724365
3432,5432,732751
3433,5433,311028
3434,5434,472786
3435,5435,735378
3436,5436,480441
3437,5437,294277
3438,5438,773230
3439,5439,750868
3440,5440,723636
3441,5441,432554
3442,5442,747645
3443,5443,321024
3444,5444,460962
3445,5445,625287
3446,5446,735967
3447,5447,718191
3448,5448,762029
3449,5449,308960
3450,5450,146866
3451,5451,589876
3452,5452,291734
3453,5453,284784
3454,5454,156831
3455,5455,462704
3456,5456,326078
3457,5457,150156
3458,5458,306653
3459,5459,566890
3460,5460,752168
3461,5461,762181
3462,5462,133877
3463,5463,328297
3464,5464,733940
3465,5465,155194
3466,5466,753535
3467,5467,132528
3468,5468,146863
3469,5469,751112
3470,5470,451941
3471,5471,719106
3472,5472,157017
3473,5473,319924
3474,5474,317607
3475,5475,765149
3476,5476,580379
3477,5477,763693
3478,5478,119847
3479,5479,146337
3480,5480,577382
3481,5481,469576
3482,5482,751992
3483,5483,710872
3484,5484,293136
3485,5485,721131
3486,5486,738820
3487,5487,743088
3488,5488,613037
3489,5489,618027
3490,5490,121538
3491,5491,144090
3492,5492,292061
3493,5493,124367
3494,5494,594338
3495,5495,767322
3496,5496,128973
3497,5497,767137
3498,5498,272500
3499,5499,181610
3500,5500,299339
3501,5501,734877
3502,5502,762536
3503,5503,349578
3504,5504,177059
3505,5505,598755
3506,5506,775827
3507,5507,495550
3508,5508,592472
3509,5509,753272
3510,5510,433598
3511,5511,142262
3512,5512,594426
3513,5513,441178
3514,5514,623542
3515,5515,112394
3516,5516,450512
3517,5517,148842
3518,5518,740578
3519,5519,616489
3520,5520,765973
3521,5521,150930
3522,5522,756264
3523,5523,599012
3524,5524,762464
3525,5525,781493
3526,5526,171326
3527,5527,644730
3528,5528,766827
3529,5529,713267
3530,5530,312872
3531,5531,135226
3532,5532,326240
3533,5533,144532
3534,5534,723489
3535,5535,756764
3536,5536,594461
3537,5537,158482
3538,5538,307023
3539,5539,607238
3540,5540,757485
3541,5541,767450
3542,5542,753534
3543,5543,747528
3544,5544,144911
3545,5545,142872
3546,5546,294593
3547,5547,767218
3548,5548,476620
3549,5549,765936
3550,5550,756202
3551,5551,751898
3552,5552,304808
3553,5553,755025
3554,5554,738195
3555,5555,735688
3556,5556,151799
3557,5557,432999
3558,5558,584257
3559,5559,586520
3560,5560,173756
3561,5561,779921
3562,5562,300069
3563,5563,301267
3564,5564,614475
3565,5565,432118
3566,5566,752446
3567,5567,789698
3568,5568,148790
3569,5569,597926
3570,5570,148341
3571,5571,745303
3572,5572,758571
3573,5573,756147
3574,5574,259133
3575,5575,761636
3576,5576,730751
3577,5577,463403
3578,5578,450717
3579,5579,752825
3580,5580,754307
3581,5581,139218
3582,5582,588126
3583,5583,614958
3584,5584,139635
3585,5585,428838
3586,5586,759650
3587,5587,158698
3588,5588,749235
3589,5589,754339
3590,5590,302320
3591,5591,312214
3592,5592,316760
3593,5593,760461
3594,5594,617922
3595,5595,332455
3596,5596,609269
3597,5597,748882
3598,5598,268687
3599,5599,123962
3600,5600,457470
3601,5601,744892
3602,5602,740189
3603,5603,311434
3604,5604,164264
3605,5605,756715
3606,5606,142143
3607,5607,639498
3608,5608,748401
3609,5609,618344
3610,5610,145602
3611,5611,579007
3612,5612,751618
3613,5613,649853
3614,5614,169592
3615,5615,148049
3616,5616,161340
3617,5617,743646
3618,5618,763870
3619,5619,338837
3620,5620,739431
3621,5621,605458
3622,5622,307676
3623,5623,292427
3624,5624,441481
3625,5625,453569
3626,5626,437311
3627,5627,770641
3628,5628,146722
3629,5629,747516
3630,5630,131322
3631,5631,433623
3632,5632,740339
3633,5633,590394
3634,5634,429516
3635,5635,316966
3636,5636,328801
3637,5637,746966
3638,5638,132034
3639,5639,733485
3640,5640,454420
3641,5641,152144
3642,5642,718995
3643,5643,558038
3644,5644,451944
3645,5645,164683
3646,5646,324085
3647,5647,587709
3648,5648,772832
3649,5649,295148
3650,5650,276735
3651,5651,336360
3652,5652,567708
3653,5653,296677
3654,5654,737217
3655,5655,607758
3656,5656,169165
3657,5657,113861
3658,5658,137562
3659,5659,169155
3660,5660,283019
3661,5661,719189
3662,5662,591341
3663,5663,738092
3664,5664,465887
3665,5665,601594
3666,5666,735559
3667,5667,619467
3668,5668,450076
3669,5669,122576
3670,5670,736856
3671,5671,589976
3672,5672,189647
3673,5673,146588
3674,5674,574458
3675,5675,147117
3676,5676,163940
3677,5677,748555
3678,5678,771788
3679,5679,465202
3680,5680,763702
3681,5681,763618
3682,5682,175639
3683,5683,771587
3684,5684,728129
3685,5685,578402
3686,5686,611873
3687,5687,732163
3688,5688,727857
3689,5689,467789
3690,5690,741545
3691,5691,764400
3692,5692,762042
3693,5693,750605
3694,5694,617447
3695,5695,310128
3696,5696,467392
3697,5697,722354
3698,5698,446820
3699,5699,722330
3700,5700,143424
3701,5701,279851
3702,5702,280191
3703,5703,750961
3704,5704,182222
3705,5705,606719
3706,5706,155219
3707,5707,121572
3708,5708,184210
3709,5709,154207
3710,5710,172229
3711,5711,141280
3712,5712,163268
3713,5713,271732
3714,5714,756448
3715,5715,614681
3716,5716,783515
3717,5717,190719
3718,5718,766392
3719,5719,726295
3720,5720,440411
3721,5721,140813
3722,5722,174343
3723,5723,599771
3724,5724,605877
3725,5725,190576
3726,5726,447721
3727,5727,279707
3728,5728,760590
3729,5729,431929
3730,5730,434674
3731,5731,149567
3732,5732,494502
3733,5733,143671
3734,5734,762533
3735,5735,745407
3736,5736,153326
3737,5737,777787
3738,5738,614995
3739,5739,450730
3740,5740,144795
3741,5741,480496
3742,5742,185179
3743,5743,301810
3744,5744,767742
3745,5745,622059
3746,5746,735638
3747,5747,296622
3748,5748,614866
3749,5749,155876
3750,5750,137745
3751,5751,288142
3752,5752,766040
3753,5753,281421
3754,5754,442748
3755,5755,733514
3756,5756,610604
3757,5757,623295
3758,5758,550090
3759,5759,129140
3760,5760,593005
3761,5761,617856
3762,5762,721730
3763,5763,464842
3764,5764,779367
3765,5765,601944
3766,5766,307968
3767,5767,748992
3768,5768,569070
3769,5769,590299
3770,5770,618723
3771,5771,616816
3772,5772,163976
3773,5773,596970
3774,5774,763304
3775,5775,301129
3776,5776,415818
3777,5777,282313
3778,5778,737400
3779,5779,424748
3780,5780,598259
3781,5781,764878
3782,5782,786744
3783,5783,287279
3784,5784,587660
3785,5785,768457
3786,5786,287076
3787,5787,772430
3788,5788,600494
3789,5789,293514
3790,5790,145455
3791,5791,484999
3792,5792,298746
3793,5793,124604
3794,5794,486718
3795,5795,765744
3796,5796,604403
3797,5797,91981
3798,5798,287158
3799,5799,598490
3800,5800,273682
3801,5801,140476
3802,5802,279354
3803,5803,156235
3804,5804,166706
3805,5805,165357
3806,5806,765242
3807,5807,136748
3808,5808,634422
3809,5809,605353
3810,5810,410668
3811,5811,761269
3812,5812,583697
3813,5813,745146
3814,5814,305280
3815,5815,307992
3816,5816,621283
3817,5817,453964
3818,5818,626533
3819,5819,591782
3820,5820,621514
3821,5821,124200
3822,5822,573977
3823,5823,609935
3824,5824,575692
3825,5825,467789
3826,5826,457987
3827,5827,620331
3828,5828,764126
3829,5829,622471
3830,5830,771534
3831,5831,154678
3832,5832,748398
3833,5833,472463
3834,5834,485779
3835,5835,294827
3836,5836,772721
3837,5837,145644
3838,5838,743233
3839,5839,762260
3840,5840,616294
3841,5841,761797
3842,5842,453278
3843,5843,753862
3844,5844,574388
3845,5845,302504
3846,5846,177234
3847,5847,323241
3848,5848,738092
3849,5849,162235
3850,5850,160041
3851,5851,783962
3852,5852,318871
3853,5853,756972
3854,5854,164017
3855,5855,286554
3856,5856,156229
3857,5857,191139
3858,5858,151624
3859,5859,592721
3860,5860,775779
3861,5861,443644
3862,5862,432167
3863,5863,631088
3864,5864,741297
3865,5865,448950
3866,5866,595587
3867,5867,188554
3868,5868,559906
3869,5869,762076
3870,5870,274920
3871,5871,771643
3872,5872,739305
3873,5873,594760
3874,5874,445152
3875,5875,752065
3876,5876,731328
3877,5877,471489
3878,5878,437924
3879,5879,291698
3880,5880,579908
3881,5881,620514
3882,5882,296493
3883,5883,480945
3884,5884,238819
3885,5885,616308
3886,5886,126256
3887,5887,435469
3888,5888,599937
3889,5889,763352
3890,5890,806506
3891,5891,435102
3892,5892,736734
3893,5893,587359
3894,5894,142173
3895,5895,170859
3896,5896,151729
3897,5897,633137
3898,5898,177364
3899,5899,464003
3900,5900,593114
3901,5901,263910
3902,5902,448061
3903,5903,734855
3904,5904,748758
3905,5905,443668
3906,5906,442493
3907,5907,599747
3908,5908,115050
3909,5909,289966
3910,5910,775385
3911,5911,770170
3912,5912,149603
3913,5913,416813
3914,5914,444000
3915,5915,739134
3916,5916,303527
3917,5917,453096
3918,5918,309887
3919,5919,722121
3920,5920,712374
3921,5921,141267
3922,5922,129112
3923,5923,153839
3924,5924,301325
3925,5925,425033
3926,5926,455663
3927,5927,163832
3928,5928,332147
3929,5929,727309
3930,5930,745921
3931,5931,438063
3932,5932,787914
3933,5933,564835
3934,5934,614978
3935,5935,741789
3936,5936,729823
3937,5937,746002
3938,5938,154134
3939,5939,112547
3940,5940,444676
3941,5941,743707
3942,5942,268232
3943,5943,466531
3944,5944,429776
3945,5945,475208
3946,5946,138408
3947,5947,707012
3948,5948,480121
3949,5949,275049
3950,5950,737871
3951,5951,585617
3952,5952,289003
3953,5953,753182
3954,5954,323187
3955,5955,709599
3956,5956,746107
3957,5957,620639
3958,5958,150910
3959,5959,155894
3960,5960,771181
3961,5961,719334
3962,5962,753350
3963,5963,316345
3964,5964,608925
3965,5965,438098
3966,5966,264123
3967,5967,605804
3968,5968,738572
3969,5969,761889
3970,5970,434072
3971,5971,177585
3972,5972,170671
3973,5973,724885
3974,5974,633005
3975,5975,123218
3976,5976,462131
3977,5977,744985
3978,5978,297393
3979,5979,771857
3980,5980,157236
3981,5981,424964
3982,5982,739554
3983,5983,759533
3984,5984,171427
3985,5985,166984
3986,5986,745813
3987,5987,292897
3988,5988,790011
3989,5989,168021
3990,5990,746103
3991,5991,450683
3992,5992,728967
3993,5993,293200
3994,5994,738366
3995,5995,592425
3996,5996,622278
3997,5997,274455
3998,5998,746151
3999,5999,431070
4000,6000,155100
4001,6001,177020
4002,6002,164260
4003,6003,754459
4004,6004,170206
4005,6005,318011
4006,6006,591393
4007,6007,115815
4008,6008,473283
4009,6009,426484
4010,6010,726736
4011,6011,444666
4012,6012,438348
4013,6013,276499
4014,6014,148264
4015,6015,144133
4016,6016,159676
4017,6017,150281
4018,6018,456431
4019,6019,746974
4020,6020,456646
4021,6021,291700
4022,6022,147444
4023,6023,732965
4024,6024,282536
4025,6025,300978
4026,6026,486627
4027,6027,158553
4028,6028,740190
4029,6029,120600
4030,6030,764160
4031,6031,772983
4032,6032,610246
4033,6033,459125
4034,6034,571773
4035,6035,452505
4036,6036,288187
4037,6037,762249
4038,6038,578526
4039,6039,748567
4040,6040,614989
4041,6041,135572
4042,6042,742547
4043,6043,617400
4044,6044,635262
4045,6045,314448
4046,6046,151477
4047,6047,587626
4048,6048,295440
4049,6049,163169
4050,6050,289679
4051,6051,590898
4052,6052,724306
4053,6053,490380
4054,6054,469356
4055,6055,292047
4056,6056,777130
4057,6057,307802
4058,6058,731607
4059,6059,139154
4060,6060,429847
4061,6061,306827
4062,6062,193090
4063,6063,599873
4064,6064,737483
4065,6065,296655
4066,6066,784000
4067,6067,615044
4068,6068,603321
4069,6069,568617
4070,6070,154746
4071,6071,435433
4072,6072,627902
4073,6073,430455
4074,6074,733307
4075,6075,761515
4076,6076,301603
4077,6077,583848
4078,6078,577893
4079,6079,336568
4080,6080,748277
4081,6081,752104
4082,6082,302208
4083,6083,563130
4084,6084,167036
4085,6085,737435
4086,6086,737267
4087,6087,151032
4088,6088,407574
4089,6089,564900
4090,6090,616815
4091,6091,763227
4092,6092,734002
4093,6093,772287
4094,6094,477094
4095,6095,722958
4096,6096,756794
4097,6097,589497
4098,6098,551050
4099,6099,573560
4100,6100,157228
4101,6101,281582
4102,6102,472075
4103,6103,753703
4104,6104,492438
4105,6105,267865
4106,6106,334119
4107,6107,621488
4108,6108,746794
4109,6109,328969
4110,6110,147621
4111,6111,331548
4112,6112,133484
4113,6113,753298
4114,6114,297887
4115,6115,124214
4116,6116,582281
4117,6117,454358
4118,6118,446289
4119,6119,156341
4120,6120,133007
4121,6121,579375
4122,6122,738862
4123,6123,604945
4124,6124,295793
4125,6125,741429
4126,6126,463526
4127,6127,308923
4128,6128,759056
4129,6129,748476
4130,6130,585715
4131,6131,724853
4132,6132,743528
4133,6133,752231
4134,6134,317414
4135,6135,594254
4136,6136,426345
4137,6137,122892
4138,6138,754111
4139,6139,465977
4140,6140,423531
4141,6141,173118
4142,6142,726976
4143,6143,135759
4144,6144,620488
4145,6145,740348
4146,6146,147136
4147,6147,457911
4148,6148,473853
4149,6149,148235
4150,6150,752202
4151,6151,746600
4152,6152,122143
4153,6153,625689
4154,6154,691443
4155,6155,156047
4156,6156,472939
4157,6157,325985
4158,6158,433401
4159,6159,607978
4160,6160,132646
4161,6161,136247
4162,6162,772857
4163,6163,601561
4164,6164,305221
4165,6165,467140
4166,6166,621376
4167,6167,446378
4168,6168,566721
4169,6169,594083
4170,6170,612368
4171,6171,418699
4172,6172,140134
4173,6173,141822
4174,6174,304733
4175,6175,737225
4176,6176,600888
4177,6177,427030
4178,6178,309549
4179,6179,608529
4180,6180,667254
4181,6181,579863
4182,6182,591723
4183,6183,776227
4184,6184,118059
4185,6185,504959
4186,6186,440074
4187,6187,719351
4188,6188,458644
4189,6189,451115
4190,6190,280054
4191,6191,136761
4192,6192,163571
4193,6193,723739
4194,6194,763105
4195,6195,286686
4196,6196,502706
4197,6197,630626
4198,6198,424388
4199,6199,291876
4200,6200,317879
4201,6201,241074
4202,6202,431664
4203,6203,290375
4204,6204,569406
4205,6205,150303
4206,6206,741666
4207,6207,133240
4208,6208,177950
4209,6209,766920
4210,6210,766644
4211,6211,750630
4212,6212,156639
4213,6213,184297
4214,6214,726417
4215,6215,129485
4216,6216,172028
4217,6217,160768
4218,6218,588504
4219,6219,459021
4220,6220,127331
4221,6221,308074
4222,6222,436425
4223,6223,780590
4224,6224,156353
4225,6225,150287
4226,6226,594323
4227,6227,156131
4228,6228,467109
4229,6229,594491
4230,6230,789440
4231,6231,746878
4232,6232,311036
4233,6233,156892
4234,6234,403022
4235,6235,170666
4236,6236,347451
4237,6237,758145
4238,6238,757758
4239,6239,755276
4240,6240,729791
4241,6241,750882
4242,6242,754284
4243,6243,766054
4244,6244,758359
4245,6245,760904
4246,6246,592170
4247,6247,472887
4248,6248,179038
4249,6249,756134
4250,6250,607203
4251,6251,737105
4252,6252,762130
4253,6253,449842
4254,6254,290768
4255,6255,593660
4256,6256,452788
4257,6257,752200
4258,6258,778094
4259,6259,438718
4260,6260,609759
4261,6261,129878
4262,6262,279053
4263,6263,262587
4264,6264,771596
4265,6265,169149
4266,6266,696181
4267,6267,153253
4268,6268,141268
4269,6269,305890
4270,6270,301891
4271,6271,595560
4272,6272,428997
4273,6273,736910
4274,6274,286800
4275,6275,742294
4276,6276,766157
4277,6277,784695
4278,6278,134323
4279,6279,613395
4280,6280,110556
4281,6281,565846
4282,6282,153276
4283,6283,765981
4284,6284,760384
4285,6285,140163
4286,6286,626627
4287,6287,588115
4288,6288,742631
4289,6289,755796
4290,6290,309322
4291,6291,127559
4292,6292,578262
4293,6293,466693
4294,6294,291784
4295,6295,764349
4296,6296,275328
4297,6297,142463
4298,6298,172374
4299,6299,473247
4300,6300,589265
4301,6301,257982
4302,6302,463538
4303,6303,604447
4304,6304,156650
4305,6305,276462
4306,6306,297787
4307,6307,752023
4308,6308,631165
4309,6309,624175
4310,6310,771521
4311,6311,754661
4312,6312,732620
4313,6313,295455
4314,6314,274813
4315,6315,147864
4316,6316,133022
4317,6317,449813
4318,6318,748359
4319,6319,731001
4320,6320,761254
4321,6321,424533
4322,6322,652675
4323,6323,324820
4324,6324,276019
4325,6325,755419
4326,6326,146876
4327,6327,747221
4328,6328,140717
4329,6329,468466
4330,6330,584326
4331,6331,772330
4332,6332,481560
4333,6333,732713
4334,6334,167065
4335,6335,164491
4336,6336,711337
4337,6337,183966
4338,6338,140663
4339,6339,602635
4340,6340,628286
4341,6341,315584
4342,6342,595987
4343,6343,766075
4344,6344,323184
4345,6345,600868
4346,6346,586185
4347,6347,306908
4348,6348,133708
4349,6349,471067
4350,6350,132300
4351,6351,735647
4352,6352,770001
4353,6353,150307
4354,6354,758759
4355,6355,763624
4356,6356,736032
4357,6357,590289
4358,6358,629404
4359,6359,763109
4360,6360,742825
4361,6361,605610
4362,6362,596294
4363,6363,467398
4364,6364,603449
4365,6365,597873
4366,6366,578241
4367,6367,762970
4368,6368,593177
4369,6369,169631
4370,6370,264839
4371,6371,289736
4372,6372,762410
4373,6373,599840
4374,6374,137616
4375,6375,172916
4376,6376,469196
4377,6377,434691
4378,6378,446991
4379,6379,130707
4380,6380,745056
4381,6381,445901
4382,6382,441080
4383,6383,464164
4384,6384,314633
4385,6385,473251
4386,6386,757699
4387,6387,117325
4388,6388,300104
4389,6389,765445
4390,6390,452553
4391,6391,166924
4392,6392,322201
4393,6393,721383
4394,6394,763446
4395,6395,607910
4396,6396,483023
4397,6397,437985
4398,6398,623451
4399,6399,748318
4400,6400,154100
4401,6401,750551
4402,6402,334458
4403,6403,432096
4404,6404,155444
4405,6405,173236
4406,6406,790536
4407,6407,280419
4408,6408,620191
4409,6409,594749
4410,6410,318461
4411,6411,286697
4412,6412,775841
4413,6413,143326
4414,6414,169447
4415,6415,749050
4416,6416,422747
4417,6417,154968
4418,6418,579141
4419,6419,743483
4420,6420,204299
4421,6421,756464
4422,6422,451410
4423,6423,125095
4424,6424,712357
4425,6425,583632
4426,6426,588278
4427,6427,281233
4428,6428,136232
4429,6429,120027
4430,6430,592410
4431,6431,713312
4432,6432,752978
4433,6433,729299
4434,6434,745794
4435,6435,757530
4436,6436,127824
4437,6437,275191
4438,6438,304929
4439,6439,280455
4440,6440,585600
4441,6441,289204
4442,6442,323752
4443,6443,334195
4444,6444,130499
4445,6445,728801
4446,6446,419734
4447,6447,761829
4448,6448,161964
4449,6449,473470
4450,6450,791614
4451,6451,147762
4452,6452,423382
4453,6453,468929
4454,6454,431408
4455,6455,571830
4456,6456,629460
4457,6457,101567
4458,6458,321535
4459,6459,607947
4460,6460,589992
4461,6461,461324
4462,6462,610182
4463,6463,734541
4464,6464,591609
4465,6465,652846
4466,6466,766440
4467,6467,643250
4468,6468,595699
4469,6469,735754
4470,6470,758409
4471,6471,588920
4472,6472,452907
4473,6473,131597
4474,6474,597642
4475,6475,124376
4476,6476,446022
4477,6477,609529
4478,6478,155590
4479,6479,310599
4480,6480,585199
4481,6481,145778
4482,6482,427465
4483,6483,463320
4484,6484,194324
4485,6485,146745
4486,6486,289505
4487,6487,702910
4488,6488,737061
4489,6489,465155
4490,6490,756461
4491,6491,168589
4492,6492,184644
4493,6493,741794
4494,6494,130948
4495,6495,614623
4496,6496,751626
4497,6497,428957
4498,6498,574648
4499,6499,617429
4500,6500,603905
4501,6501,724294
4502,6502,453410
4503,6503,127735
4504,6504,763538
4505,6505,619074
4506,6506,769502
4507,6507,757077
4508,6508,154911
4509,6509,747227
4510,6510,282844
4511,6511,773912
4512,6512,163066
4513,6513,583593
4514,6514,718282
4515,6515,139183
4516,6516,776688
4517,6517,759969
4518,6518,304730
4519,6519,776468
4520,6520,558834
4521,6521,598392
4522,6522,774580
4523,6523,129919
4524,6524,732490
4525,6525,745772
4526,6526,139332
4527,6527,292310
4528,6528,753239
4529,6529,588682
4530,6530,743422
4531,6531,283484
4532,6532,746120
4533,6533,153903
4534,6534,452243
4535,6535,737840
4536,6536,735000
4537,6537,142358
4538,6538,591692
4539,6539,427542
4540,6540,130661
4541,6541,610217
4542,6542,102961
4543,6543,161549
4544,6544,156834
4545,6545,467624
4546,6546,148249
4547,6547,323141
4548,6548,618172
4549,6549,797848
4550,6550,795836
4551,6551,733947
4552,6552,813976
4553,6553,780343
4554,6554,745455
4555,6555,124525
4556,6556,740243
4557,6557,292068
4558,6558,761227
4559,6559,731874
4560,6560,299198
4561,6561,313898
4562,6562,130581
4563,6563,597435
4564,6564,733961
4565,6565,785740
4566,6566,436060
4567,6567,456331
4568,6568,427812
4569,6569,733407
4570,6570,442230
4571,6571,274650
4572,6572,602982
4573,6573,719675
4574,6574,151121
4575,6575,751356
4576,6576,752899
4577,6577,766301
4578,6578,320264
4579,6579,282646
4580,6580,757953
4581,6581,750183
4582,6582,469168
4583,6583,139885
4584,6584,115513
4585,6585,745856
4586,6586,149136
4587,6587,623392
4588,6588,167219
4589,6589,274993
4590,6590,323087
4591,6591,431473
4592,6592,133044
4593,6593,303012
4594,6594,603778
4595,6595,447055
4596,6596,747198
4597,6597,274079
4598,6598,297947
4599,6599,474255
4600,6600,748304
4601,6601,335798
4602,6602,149986
4603,6603,133177
4604,6604,582048
4605,6605,771713
4606,6606,605778
4607,6607,721869
4608,6608,602900
4609,6609,160756
4610,6610,274063
4611,6611,295382
4612,6612,282964
4613,6613,441025
4614,6614,730088
4615,6615,261187
4616,6616,722176
4617,6617,769819
4618,6618,138538
4619,6619,336203
4620,6620,128955
4621,6621,755007
4622,6622,754706
4623,6623,449652
4624,6624,623208
4625,6625,574569
4626,6626,772136
4627,6627,442983
4628,6628,758856
4629,6629,146909
4630,6630,779427
4631,6631,132132
4632,6632,720125
4633,6633,314139
4634,6634,752902
4635,6635,606934
4636,6636,175071
4637,6637,154654
4638,6638,444493
4639,6639,599447
4640,6640,489272
4641,6641,756573
4642,6642,465422
4643,6643,584035
4644,6644,166930
4645,6645,292021
4646,6646,565175
4647,6647,754244
4648,6648,602500
4649,6649,607144
4650,6650,444694
4651,6651,471005
4652,6652,306165
4653,6653,293358
4654,6654,171489
4655,6655,157347
4656,6656,602930
4657,6657,740395
4658,6658,189569
4659,6659,580180
4660,6660,292885
4661,6661,742963
4662,6662,146305
4663,6663,461988
4664,6664,608573
4665,6665,311143
4666,6666,748235
4667,6667,623117
4668,6668,434515
4669,6669,583104
4670,6670,725592
4671,6671,291197
4672,6672,752002
4673,6673,738779
4674,6674,289974
4675,6675,472197
4676,6676,736238
4677,6677,443669
4678,6678,757591
4679,6679,116639
4680,6680,426021
4681,6681,765187
4682,6682,113064
4683,6683,270450
4684,6684,416809
4685,6685,292970
4686,6686,574446
4687,6687,133033
4688,6688,323121
4689,6689,595898
4690,6690,754387
4691,6691,307094
4692,6692,171241
4693,6693,740346
4694,6694,298416
4695,6695,595381
4696,6696,129886
4697,6697,746800
4698,6698,606084
4699,6699,167319
4700,6700,732395
4701,6701,171727
4702,6702,592093
4703,6703,624600
4704,6704,599424
4705,6705,305532
4706,6706,292345
4707,6707,481254
4708,6708,432127
4709,6709,770577
4710,6710,127819
4711,6711,286476
4712,6712,633884
4713,6713,312646
4714,6714,305390
4715,6715,454027
4716,6716,172244
4717,6717,457349
4718,6718,750663
4719,6719,759244
4720,6720,446045
4721,6721,442036
4722,6722,285682
4723,6723,578951
4724,6724,459211
4725,6725,596751
4726,6726,717428
4727,6727,742079
4728,6728,305812
4729,6729,136138
4730,6730,755793
4731,6731,405274
4732,6732,631166
4733,6733,605415
4734,6734,261516
4735,6735,681475
4736,6736,154850
4737,6737,581174
4738,6738,756062
4739,6739,616816
4740,6740,134457
4741,6741,314692
4742,6742,467990
4743,6743,608958
4744,6744,776498
4745,6745,731642
4746,6746,272757
4747,6747,717120
4748,6748,451247
4749,6749,608826
4750,6750,162627
4751,6751,598890
4752,6752,306285
4753,6753,306567
4754,6754,308724
4755,6755,460255
4756,6756,318093
4757,6757,425152
4758,6758,285351
4759,6759,759745
4760,6760,116875
4761,6761,147255
4762,6762,470463
4763,6763,780334
4764,6764,762825
4765,6765,157884
4766,6766,168863
4767,6767,608341
4768,6768,612951
4769,6769,337691
4770,6770,601048
4771,6771,145288
4772,6772,476460
4773,6773,597503
4774,6774,159642
4775,6775,315586
4776,6776,727386
4777,6777,599437
4778,6778,589652
4779,6779,592341
4780,6780,166877
4781,6781,726979
4782,6782,594587
4783,6783,755342
4784,6784,148233
4785,6785,157183
4786,6786,761297
4787,6787,763006
4788,6788,321983
4789,6789,646928
4790,6790,318282
4791,6791,449055
4792,6792,309132
4793,6793,593521
4794,6794,772092
4795,6795,155753
4796,6796,182074
4797,6797,743313
4798,6798,594561
4799,6799,595884
4800,6800,739807
4801,6801,311193
4802,6802,155105
4803,6803,756841
4804,6804,260399
4805,6805,730379
4806,6806,448435
4807,6807,302393
4808,6808,332162
4809,6809,130962
4810,6810,427472
4811,6811,428815
4812,6812,602090
4813,6813,164405
4814,6814,138833
4815,6815,303154
4816,6816,726326
4817,6817,124577
4818,6818,140986
4819,6819,767101
4820,6820,136013
4821,6821,746392
4822,6822,131375
4823,6823,278542
4824,6824,609003
4825,6825,138492
4826,6826,272014
4827,6827,121005
4828,6828,170033
4829,6829,716620
4830,6830,772474
4831,6831,462857
4832,6832,141231
4833,6833,464442
4834,6834,145960
4835,6835,758265
4836,6836,712516
4837,6837,602913
4838,6838,592784
4839,6839,290064
4840,6840,767838
4841,6841,642169
4842,6842,325980
4843,6843,173270
4844,6844,733415
4845,6845,313348
4846,6846,142348
4847,6847,590539
4848,6848,793051
4849,6849,559976
4850,6850,159629
4851,6851,458277
4852,6852,766746
4853,6853,616263
4854,6854,760246
4855,6855,308277
4856,6856,134571
4857,6857,451261
4858,6858,766872
4859,6859,736578
4860,6860,157531
4861,6861,767107
4862,6862,143527
4863,6863,631270
4864,6864,611480
4865,6865,268424
4866,6866,151901
4867,6867,434416
4868,6868,729585
4869,6869,130890
4870,6870,338231
4871,6871,734065
4872,6872,297078
4873,6873,756547
4874,6874,135936
4875,6875,733514
4876,6876,287553
4877,6877,738373
4878,6878,610615
4879,6879,582934
4880,6880,630702
4881,6881,295715
4882,6882,782439
4883,6883,148755
4884,6884,420277
4885,6885,437357
4886,6886,310691
4887,6887,279156
4888,6888,749207
4889,6889,757001
4890,6890,157526
4891,6891,761429
4892,6892,604719
4893,6893,729913
4894,6894,744539
4895,6895,150244
4896,6896,158903
4897,6897,735339
4898,6898,299177
4899,6899,488299
4900,6900,168622
4901,6901,767640
4902,6902,598847
4903,6903,153787
4904,6904,150326
4905,6905,159636
4906,6906,575307
4907,6907,734057
4908,6908,121901
4909,6909,164948
4910,6910,464554
4911,6911,287024
4912,6912,135919
4913,6913,164668
4914,6914,164196
4915,6915,332490
4916,6916,433540
4917,6917,447718
4918,6918,752499
4919,6919,761317
4920,6920,169344
4921,6921,447623
4922,6922,604392
4923,6923,293719
4924,6924,421195
4925,6925,583079
4926,6926,140635
4927,6927,461201
4928,6928,407895
4929,6929,161530
4930,6930,761642
4931,6931,740862
4932,6932,788079
4933,6933,305074
4934,6934,754813
4935,6935,146753
4936,6936,713435
4937,6937,736983
4938,6938,584167
4939,6939,763196
4940,6940,589463
4941,6941,156024
4942,6942,117584
4943,6943,777288
4944,6944,164302
4945,6945,299502
4946,6946,590342
4947,6947,766663
4948,6948,589652
4949,6949,739498
4950,6950,295416
4951,6951,779267
4952,6952,587443
4953,6953,463610
4954,6954,734612
4955,6955,557793
4956,6956,307886
4957,6957,132677
4958,6958,744076
4959,6959,316814
4960,6960,281804
4961,6961,141692
4962,6962,462856
4963,6963,140856
4964,6964,451742
4965,6965,447074
4966,6966,297123
4967,6967,445839
4968,6968,158938
4969,6969,111816
4970,6970,144660
4971,6971,434260
4972,6972,313583
4973,6973,473836
4974,6974,149600
4975,6975,146674
4976,6976,159994
4977,6977,452534
4978,6978,746840
4979,6979,454820
4980,6980,743280
4981,6981,764368
4982,6982,185010
4983,6983,746538
4984,6984,158566
4985,6985,710604
4986,6986,565191
4987,6987,754400
4988,6988,592582
4989,6989,435562
4990,6990,158959
4991,6991,144180
4992,6992,608877
4993,6993,752495
4994,6994,164974
4995,6995,597367
4996,6996,749601
4997,6997,744215
4998,6998,740644
4999,6999,608880
5000,7000,731276
5001,7001,321068
5002,7002,280410
5003,7003,743414
5004,7004,591747
5005,7005,761407
5006,7006,774455
5007,7007,756215
5008,7008,180993
5009,7009,136122
5010,7010,744631
5011,7011,272243
5012,7012,577760
5013,7013,618607
5014,7014,745955
5015,7015,440503
5016,7016,582194
5017,7017,163614
5018,7018,741761
5019,7019,576910
5020,7020,600498
5021,7021,460174
5022,7022,746727
5023,7023,289469
5024,7024,301170
5025,7025,122683
5026,7026,463009
5027,7027,457498
5028,7028,170284
5029,7029,283240
5030,7030,118512
5031,7031,270224
5032,7032,580011
5033,7033,425961
5034,7034,460466
5035,7035,590217
5036,7036,145096
5037,7037,137900
5038,7038,146556
5039,7039,763250
5040,7040,630925
5041,7041,617861
5042,7042,450607
5043,7043,444043
5044,7044,624169
5045,7045,281183
5046,7046,449672
5047,7047,426702
5048,7048,623381
5049,7049,777785
5050,7050,274085
5051,7051,572624
5052,7052,589886
5053,7053,311164
5054,7054,733892
5055,7055,134943
5056,7056,462398
5057,7057,154963
5058,7058,748032
5059,7059,600898
5060,7060,755100
5061,7061,616112
5062,7062,616676
5063,7063,289269
5064,7064,447518
5065,7065,737709
5066,7066,458122
5067,7067,429818
5068,7068,277078
5069,7069,590394
5070,7070,557761
5071,7071,676507
5072,7072,757184
5073,7073,608921
5074,7074,129786
5075,7075,296174
5076,7076,179015
5077,7077,596006
5078,7078,624240
5079,7079,135359
5080,7080,752323
5081,7081,158404
5082,7082,738896
5083,7083,292683
5084,7084,145482
5085,7085,732569
5086,7086,602932
5087,7087,772913
5088,7088,472295
5089,7089,787980
5090,7090,140402
5091,7091,288580
5092,7092,611307
5093,7093,176776
5094,7094,170816
5095,7095,462458
5096,7096,733222
5097,7097,584723
5098,7098,459785
5099,7099,757941
5100,7100,596713
5101,7101,758882
5102,7102,601493
5103,7103,315066
5104,7104,138449
5105,7105,421402
5106,7106,574285
5107,7107,735457
5108,7108,588366
5109,7109,749288
5110,7110,732891
5111,7111,127863
5112,7112,569261
5113,7113,303633
5114,7114,599492
5115,7115,153791
5116,7116,590467
5117,7117,185719
5118,7118,126381
5119,7119,751144
5120,7120,255776
5121,7121,758003
5122,7122,134539
5123,7123,123141
5124,7124,158940
5125,7125,725631
5126,7126,133219
5127,7127,319396
5128,7128,152998
5129,7129,442200
5130,7130,752719
5131,7131,141744
5132,7132,612770
5133,7133,746696
5134,7134,730912
5135,7135,420149
5136,7136,172394
5137,7137,721679
5138,7138,764856
5139,7139,432479
5140,7140,586705
5141,7141,624755
5142,7142,136357
5143,7143,144405
5144,7144,323125
5145,7145,162069
5146,7146,313143
5147,7147,733411
5148,7148,732373
5149,7149,311016
5150,7150,149976
5151,7151,298958
5152,7152,275311
5153,7153,735955
5154,7154,115692
5155,7155,302431
5156,7156,608447
5157,7157,768365
5158,7158,121043
5159,7159,613453
5160,7160,148548
5161,7161,470702
5162,7162,713936
5163,7163,331392
5164,7164,145700
5165,7165,753866
5166,7166,583294
5167,7167,280207
5168,7168,159977
5169,7169,743198
5170,7170,182325
5171,7171,294099
5172,7172,766618
5173,7173,745530
5174,7174,93028
5175,7175,591466
5176,7176,314821
5177,7177,752891
5178,7178,739805
5179,7179,154380
5180,7180,175359
5181,7181,171194
5182,7182,120837
5183,7183,750495
5184,7184,753289
5185,7185,278021
5186,7186,734159
5187,7187,430698
5188,7188,732083
5189,7189,419305
5190,7190,746128
5191,7191,613885
5192,7192,137407
5193,7193,632672
5194,7194,625653
5195,7195,743704
5196,7196,594792
5197,7197,475251
5198,7198,135805
5199,7199,604773
5200,7200,618620
5201,7201,139768
5202,7202,448320
5203,7203,574804
5204,7204,726994
5205,7205,330244
5206,7206,457598
5207,7207,313912
5208,7208,607939
5209,7209,152426
5210,7210,739527
5211,7211,635032
5212,7212,274292
5213,7213,576124
5214,7214,587336
5215,7215,457846
5216,7216,753356
5217,7217,433643
5218,7218,143165
5219,7219,140964
5220,7220,154615
5221,7221,140611
5222,7222,633300
5223,7223,744148
5224,7224,594277
5225,7225,764078
5226,7226,760644
5227,7227,772707
5228,7228,169085
5229,7229,445301
5230,7230,172893
5231,7231,141865
5232,7232,427973
5233,7233,449182
5234,7234,607605
5235,7235,754302
5236,7236,458995
5237,7237,734223
5238,7238,762107
5239,7239,627593
5240,7240,134412
5241,7241,617888
5242,7242,307674
5243,7243,763511
5244,7244,134219
5245,7245,452751
5246,7246,450748
5247,7247,749419
5248,7248,454664
5249,7249,160708
5250,7250,628201
5251,7251,620383
5252,7252,168375
5253,7253,776656
5254,7254,604017
5255,7255,732377
5256,7256,153728
5257,7257,158896
5258,7258,316571
5259,7259,310864
5260,7260,146449
5261,7261,774079
5262,7262,606071
5263,7263,295826
5264,7264,415277
5265,7265,759213
5266,7266,726739
5267,7267,579935
5268,7268,759118
5269,7269,759549
5270,7270,577621
5271,7271,142119
5272,7272,148694
5273,7273,766353
5274,7274,138433
5275,7275,315511
5276,7276,582997
5277,7277,724703
5278,7278,471718
5279,7279,328787
5280,7280,623290
5281,7281,764108
5282,7282,602095
5283,7283,311261
5284,7284,760465
5285,7285,785682
5286,7286,585621
5287,7287,738470
5288,7288,132107
5289,7289,627070
5290,7290,600207
5291,7291,435763
5292,7292,411427
5293,7293,583607
5294,7294,604845
5295,7295,265230
5296,7296,281925
5297,7297,750736
5298,7298,745791
5299,7299,576357
5300,7300,733950
5301,7301,595043
5302,7302,307197
5303,7303,761411
5304,7304,447600
5305,7305,325791
5306,7306,140267
5307,7307,428822
5308,7308,713863
5309,7309,312707
5310,7310,298230
5311,7311,270706
5312,7312,755199
5313,7313,167640
5314,7314,605050
5315,7315,587186
5316,7316,577471
5317,7317,604875
5318,7318,750714
5319,7319,648267
5320,7320,280177
5321,7321,157750
5322,7322,139051
5323,7323,736443
5324,7324,127930
5325,7325,170458
5326,7326,770160
5327,7327,767304
5328,7328,741049
5329,7329,609886
5330,7330,325164
5331,7331,704233
5332,7332,310154
5333,7333,768115
5334,7334,163503
5335,7335,583505
5336,7336,582683
5337,7337,756136
5338,7338,150878
5339,7339,167263
5340,7340,167069
5341,7341,739697
5342,7342,718868
5343,7343,274157
5344,7344,279420
5345,7345,140273
5346,7346,155617
5347,7347,143842
5348,7348,426509
5349,7349,311782
5350,7350,294237
5351,7351,287250
5352,7352,284793
5353,7353,755744
5354,7354,594839
5355,7355,588644
5356,7356,127128
5357,7357,138603
5358,7358,754568
5359,7359,161551
5360,7360,617735
5361,7361,136748
5362,7362,720734
5363,7363,760812
5364,7364,302907
5365,7365,722910
5366,7366,614179
5367,7367,93474
5368,7368,730363
5369,7369,782429
5370,7370,355511
5371,7371,318151
5372,7372,143363
5373,7373,457164
5374,7374,259363
5375,7375,141186
5376,7376,717672
5377,7377,472217
5378,7378,165629
5379,7379,462378
5380,7380,616005
5381,7381,739050
5382,7382,149213
5383,7383,586434
5384,7384,300746
5385,7385,598069
5386,7386,457377
5387,7387,728098
5388,7388,450217
5389,7389,149942
5390,7390,153680
5391,7391,731434
5392,7392,137800
5393,7393,133435
5394,7394,488986
5395,7395,173906
5396,7396,748666
5397,7397,758895
5398,7398,780708
5399,7399,782056
5400,7400,157969
5401,7401,133427
5402,7402,624151
5403,7403,754673
5404,7404,593214
5405,7405,763550
5406,7406,137118
5407,7407,569306
5408,7408,775518
5409,7409,308971
5410,7410,766532
5411,7411,713077
5412,7412,308365
5413,7413,155808
5414,7414,593106
5415,7415,593279
5416,7416,139880
5417,7417,781500
5418,7418,166768
5419,7419,744752
5420,7420,587153
5421,7421,749561
5422,7422,599833
5423,7423,579138
5424,7424,622125
5425,7425,744855
5426,7426,601448
5427,7427,316187
5428,7428,331526
5429,7429,752227
5430,7430,121498
5431,7431,311875
5432,7432,753225
5433,7433,139341
5434,7434,757680
5435,7435,587073
5436,7436,569227
5437,7437,752645
5438,7438,581138
5439,7439,744470
5440,7440,161626
5441,7441,557883
5442,7442,142558
5443,7443,130938
5444,7444,720051
5445,7445,750694
5446,7446,739850
5447,7447,162272
5448,7448,308143
5449,7449,611069
5450,7450,711425
5451,7451,602626
5452,7452,603440
5453,7453,125025
5454,7454,297322
5455,7455,154663
5456,7456,750555
5457,7457,762203
5458,7458,759029
5459,7459,162633
5460,7460,723141
5461,7461,735406
5462,7462,591719
5463,7463,596499
5464,7464,567301
5465,7465,146154
5466,7466,764538
5467,7467,122480
5468,7468,269360
5469,7469,624282
5470,7470,757535
5471,7471,338519
5472,7472,602551
5473,7473,447519
5474,7474,134842
5475,7475,646742
5476,7476,623745
5477,7477,609366
5478,7478,605612
5479,7479,726744
5480,7480,150010
5481,7481,277729
5482,7482,743758
5483,7483,752031
5484,7484,603559
5485,7485,129462
5486,7486,610234
5487,7487,298006
5488,7488,765052
5489,7489,611656
5490,7490,774432
5491,7491,734107
5492,7492,789461
5493,7493,727555
5494,7494,143025
5495,7495,303606
5496,7496,311143
5497,7497,743912
5498,7498,298565
5499,7499,489746
5500,7500,736913
5501,7501,729633
5502,7502,274184
5503,7503,287745
5504,7504,83263
5505,7505,149966
5506,7506,183990
5507,7507,448789
5508,7508,774268
5509,7509,592264
5510,7510,185058
5511,7511,308141
5512,7512,149339
5513,7513,730368
5514,7514,453662
5515,7515,185551
5516,7516,711595
5517,7517,597844
5518,7518,742637
5519,7519,722347
5520,7520,585138
5521,7521,466332
5522,7522,139215
5523,7523,622317
5524,7524,743602
5525,7525,748448
5526,7526,767717
5527,7527,747460
5528,7528,755651
5529,7529,140172
5530,7530,143994
5531,7531,765854
5532,7532,435218
5533,7533,278331
5534,7534,294074
5535,7535,749512
5536,7536,130386
5537,7537,178598
5538,7538,303820
5539,7539,733785
5540,7540,610463
5541,7541,619020
5542,7542,578098
5543,7543,609808
5544,7544,739667
5545,7545,609568
5546,7546,341431
5547,7547,584882
5548,7548,305447
5549,7549,559828
5550,7550,639612
5551,7551,557768
5552,7552,153372
5553,7553,170423
5554,7554,298304
5555,7555,442505
5556,7556,147444
5557,7557,143826
5558,7558,567055
5559,7559,400830
5560,7560,622603
5561,7561,733803
5562,7562,149495
5563,7563,574827
5564,7564,443760
5565,7565,766095
5566,7566,139532
5567,7567,175591
5568,7568,602748
5569,7569,300584
5570,7570,606278
5571,7571,605209
5572,7572,761705
5573,7573,746325
5574,7574,732181
5575,7575,325605
5576,7576,169826
5577,7577,157242
5578,7578,319024
5579,7579,425745
5580,7580,729782
5581,7581,311024
5582,7582,723834
5583,7583,785998
5584,7584,736321
5585,7585,570441
5586,7586,135211
5587,7587,281928
5588,7588,452261
5589,7589,605915
5590,7590,731740
5591,7591,600234
5592,7592,133947
5593,7593,770450
5594,7594,728696
5595,7595,629850
5596,7596,748650
5597,7597,763739
5598,7598,426226
5599,7599,295313
5600,7600,489154
5601,7601,589338
5602,7602,757486
5603,7603,291916
5604,7604,590708
5605,7605,624156
5606,7606,327991
5607,7607,112561
5608,7608,139080
5609,7609,129383
5610,7610,156534
5611,7611,158892
5612,7612,134795
5613,7613,138923
5614,7614,303508
5615,7615,444637
5616,7616,318757
5617,7617,435350
5618,7618,610796
5619,7619,145744
5620,7620,771710
5621,7621,156903
5622,7622,572259
5623,7623,129756
5624,7624,279862
5625,7625,745187
5626,7626,143515
5627,7627,602264
5628,7628,478611
5629,7629,611877
5630,7630,745987
5631,7631,437293
5632,7632,319916
5633,7633,463467
5634,7634,487407
5635,7635,316059
5636,7636,597099
5637,7637,768869
5638,7638,485884
5639,7639,139459
5640,7640,734803
5641,7641,728876
5642,7642,747340
5643,7643,439682
5644,7644,448287
5645,7645,745527
5646,7646,760665
5647,7647,618369
5648,7648,156633
5649,7649,454178
5650,7650,603562
5651,7651,132766
5652,7652,462396
5653,7653,154121
5654,7654,704284
5655,7655,756887
5656,7656,147533
5657,7657,610974
5658,7658,761263
5659,7659,475903
5660,7660,585882
5661,7661,269253
5662,7662,778101
5663,7663,170168
5664,7664,136613
5665,7665,290777
5666,7666,601928
5667,7667,600836
5668,7668,432270
5669,7669,615039
5670,7670,153928
5671,7671,272031
5672,7672,301327
5673,7673,462509
5674,7674,738967
5675,7675,145322
5676,7676,302873
5677,7677,561831
5678,7678,596070
5679,7679,306617
5680,7680,452150
5681,7681,477032
5682,7682,464378
5683,7683,741765
5684,7684,298204
5685,7685,157014
5686,7686,696787
5687,7687,418287
5688,7688,299128
5689,7689,186064
5690,7690,145862
5691,7691,620347
5692,7692,571374
5693,7693,590495
5694,7694,135150
5695,7695,755775
5696,7696,617512
5697,7697,595651
5698,7698,742347
5699,7699,627335
5700,7700,343711
5701,7701,291379
5702,7702,598194
5703,7703,155301
5704,7704,157935
5705,7705,154677
5706,7706,709611
5707,7707,608497
5708,7708,788837
5709,7709,117538
5710,7710,117984
5711,7711,274303
5712,7712,762583
5713,7713,714148
5714,7714,322891
5715,7715,728774
5716,7716,166406
5717,7717,138363
5718,7718,285370
5719,7719,609897
5720,7720,761596
5721,7721,434661
5722,7722,155230
5723,7723,613236
5724,7724,262483
5725,7725,148615
5726,7726,748254
5727,7727,563207
5728,7728,599845
5729,7729,148866
5730,7730,466521
5731,7731,309339
5732,7732,478129
5733,7733,307447
5734,7734,580482
5735,7735,290962
5736,7736,470030
5737,7737,616394
5738,7738,764731
5739,7739,766759
5740,7740,156278
5741,7741,603041
5742,7742,746854
5743,7743,470721
5744,7744,306451
5745,7745,709748
5746,7746,157645
5747,7747,768200
5748,7748,282678
5749,7749,439128
5750,7750,150267
5751,7751,328038
5752,7752,443611
5753,7753,143865
5754,7754,759743
5755,7755,154116
5756,7756,586670
5757,7757,600967
5758,7758,301100
5759,7759,175295
5760,7760,131071
5761,7761,151645
5762,7762,761127
5763,7763,621470
5764,7764,138028
5765,7765,487233
5766,7766,716464
5767,7767,120377
5768,7768,454320
5769,7769,267252
5770,7770,287401
5771,7771,309963
5772,7772,778631
5773,7773,755596
5774,7774,157574
5775,7775,463458
5776,7776,718159
5777,7777,762270
5778,7778,300072
5779,7779,134041
5780,7780,730773
5781,7781,148361
5782,7782,166328
5783,7783,171736
5784,7784,147476
5785,7785,170928
5786,7786,428322
5787,7787,591101
5788,7788,784220
5789,7789,623922
5790,7790,133896
5791,7791,464850
5792,7792,288648
5793,7793,294074
5794,7794,748971
5795,7795,273331
5796,7796,156045
5797,7797,327481
5798,7798,447019
5799,7799,739008
5800,7800,138326
5801,7801,406442
5802,7802,701520
5803,7803,337253
5804,7804,291125
5805,7805,731618
5806,7806,732276
5807,7807,598783
5808,7808,595088
5809,7809,607765
5810,7810,424208
5811,7811,158780
5812,7812,611556
5813,7813,744214
5814,7814,466359
5815,7815,776272
5816,7816,294366
5817,7817,298839
5818,7818,306625
5819,7819,312844
5820,7820,615319
5821,7821,763562
5822,7822,314660
5823,7823,453540
5824,7824,165829
5825,7825,765097
5826,7826,747353
5827,7827,476269
5828,7828,271248
5829,7829,302907
5830,7830,758170
5831,7831,749592
5832,7832,786219
5833,7833,748093
5834,7834,177861
5835,7835,739544
5836,7836,296246
5837,7837,755130
5838,7838,747338
5839,7839,426454
5840,7840,307367
5841,7841,751626
5842,7842,588374
5843,7843,106035
5844,7844,569283
5845,7845,120214
5846,7846,448752
5847,7847,172190
5848,7848,285127
5849,7849,762013
5850,7850,579394
5851,7851,595174
5852,7852,444223
5853,7853,301117
5854,7854,145916
5855,7855,151010
5856,7856,466193
5857,7857,460333
5858,7858,304378
5859,7859,453693
5860,7860,434315
5861,7861,740682
5862,7862,601507
5863,7863,303628
5864,7864,276172
5865,7865,706857
5866,7866,149357
5867,7867,130338
5868,7868,327813
5869,7869,163465
5870,7870,311707
5871,7871,123257
5872,7872,767493
5873,7873,437449
5874,7874,615303
5875,7875,617279
5876,7876,718715
5877,7877,130090
5878,7878,629242
5879,7879,120310
5880,7880,760766
5881,7881,578750
5882,7882,773335
5883,7883,145556
5884,7884,748568
5885,7885,472887
5886,7886,783627
5887,7887,147732
5888,7888,760533
5889,7889,749426
5890,7890,185571
5891,7891,779470
5892,7892,602235
5893,7893,462827
5894,7894,321602
5895,7895,286793
5896,7896,296776
5897,7897,470233
5898,7898,573463
5899,7899,612926
5900,7900,761040
5901,7901,585844
5902,7902,772017
5903,7903,608284
5904,7904,736984
5905,7905,721886
5906,7906,440797
5907,7907,131468
5908,7908,740001
5909,7909,741486
5910,7910,623856
5911,7911,723676
5912,7912,578674
5913,7913,741464
5914,7914,201711
5915,7915,118613
5916,7916,559311
5917,7917,175565
5918,7918,289791
5919,7919,283696
5920,7920,757509
5921,7921,313884
5922,7922,616581
5923,7923,761298
5924,7924,136027
5925,7925,763186
5926,7926,758051
5927,7927,626807
5928,7928,179362
5929,7929,431901
5930,7930,633886
5931,7931,140874
5932,7932,721425
5933,7933,483278
5934,7934,166356
5935,7935,410319
5936,7936,739887
5937,7937,435696
5938,7938,738572
5939,7939,787244
5940,7940,295735
5941,7941,740444
5942,7942,770376
5943,7943,590419
5944,7944,347774
5945,7945,754036
5946,7946,169484
5947,7947,338943
5948,7948,733800
5949,7949,615567
5950,7950,139105
5951,7951,754128
5952,7952,112216
5953,7953,139344
5954,7954,327303
5955,7955,316417
5956,7956,443989
5957,7957,752216
5958,7958,765029
5959,7959,615553
5960,7960,458432
5961,7961,320236
5962,7962,746555
5963,7963,420737
5964,7964,730684
5965,7965,591073
5966,7966,561142
5967,7967,577599
5968,7968,730552
5969,7969,423902
5970,7970,266893
5971,7971,484556
5972,7972,168524
5973,7973,444620
5974,7974,603396
5975,7975,591640
5976,7976,741361
5977,7977,768288
5978,7978,754394
5979,7979,129490
5980,7980,772848
5981,7981,758556
5982,7982,617796
5983,7983,153831
5984,7984,451578
5985,7985,147334
5986,7986,610498
5987,7987,426323
5988,7988,760793
5989,7989,718341
5990,7990,137692
5991,7991,628916
5992,7992,428134
5993,7993,138619
5994,7994,139684
5995,7995,283958
5996,7996,595183
5997,7997,152935
5998,7998,628159
5999,7999,770612
6000,8000,161746
6001,8001,747322
6002,8002,585882
6003,8003,761390
6004,8004,758238
6005,8005,759881
6006,8006,292271
6007,8007,752879
6008,8008,454494
6009,8009,738156
6010,8010,172314
6011,8011,418188
6012,8012,586713
6013,8013,432422
6014,8014,592345
6015,8015,138782
6016,8016,588431
6017,8017,616173
6018,8018,754608
6019,8019,133350
6020,8020,460473
6021,8021,158744
6022,8022,412143
6023,8023,140559
6024,8024,612225
6025,8025,757508
6026,8026,461957
6027,8027,733544
6028,8028,757811
6029,8029,564621
6030,8030,145945
6031,8031,484637
6032,8032,317586
6033,8033,303734
6034,8034,288743
6035,8035,624963
6036,8036,599861
6037,8037,292023
6038,8038,776879
6039,8039,751292
6040,8040,757080
6041,8041,721388
6042,8042,590064
6043,8043,164581
6044,8044,598843
6045,8045,147677
6046,8046,128362
6047,8047,467643
6048,8048,142644
6049,8049,154697
6050,8050,327396
6051,8051,784503
6052,8052,134089
6053,8053,593970
6054,8054,761686
6055,8055,136517
6056,8056,169917
6057,8057,313191
6058,8058,762324
6059,8059,145736
6060,8060,751619
6061,8061,160242
6062,8062,603965
6063,8063,719960
6064,8064,177158
6065,8065,752964
6066,8066,750381
6067,8067,174510
6068,8068,448032
6069,8069,579804
6070,8070,593875
6071,8071,774374
6072,8072,280825
6073,8073,262046
6074,8074,738428
6075,8075,759063
6076,8076,173470
6077,8077,754216
6078,8078,592685
6079,8079,121568
6080,8080,289376
6081,8081,562027
6082,8082,471607
6083,8083,728574
6084,8084,134380
6085,8085,724710
6086,8086,596771
6087,8087,605692
6088,8088,321835
6089,8089,448591
6090,8090,135669
6091,8091,319333
6092,8092,156928
6093,8093,449234
6094,8094,141653
6095,8095,281585
6096,8096,312473
6097,8097,298868
6098,8098,719454
6099,8099,745105
6100,8100,468498
6101,8101,195264
6102,8102,144827
6103,8103,465546
6104,8104,441986
6105,8105,752108
6106,8106,756478
6107,8107,478171
6108,8108,772478
6109,8109,762406
6110,8110,133656
6111,8111,460026
6112,8112,330182
6113,8113,611279
6114,8114,763981
6115,8115,452938
6116,8116,143732
6117,8117,160758
6118,8118,745889
6119,8119,568644
6120,8120,177093
6121,8121,763388
6122,8122,110682
6123,8123,400848
6124,8124,746170
6125,8125,762246
6126,8126,437956
6127,8127,582055
6128,8128,447021
6129,8129,447022
6130,8130,595286
6131,8131,726927
6132,8132,303423
6133,8133,600179
6134,8134,120009
6135,8135,309542
6136,8136,742478
6137,8137,284110
6138,8138,753453
6139,8139,143773
6140,8140,142644
6141,8141,133620
6142,8142,755395
6143,8143,623891
6144,8144,598501
6145,8145,736585
6146,8146,167345
6147,8147,301472
6148,8148,422212
6149,8149,304298
6150,8150,736415
6151,8151,765432
6152,8152,561149
6153,8153,147671
6154,8154,772325
6155,8155,442918
6156,8156,747320
6157,8157,135431
6158,8158,296335
6159,8159,571804
6160,8160,725390
6161,8161,124159
6162,8162,778397
6163,8163,720132
6164,8164,583807
6165,8165,118985
6166,8166,480266
6167,8167,139558
6168,8168,571393
6169,8169,735038
6170,8170,731028
6171,8171,318188
6172,8172,445440
6173,8173,426503
6174,8174,628509
6175,8175,611107
6176,8176,732261
6177,8177,457878
6178,8178,719147
6179,8179,714912
6180,8180,276931
6181,8181,315261
6182,8182,179758
6183,8183,128280
6184,8184,750808
6185,8185,183960
6186,8186,615088
6187,8187,438378
6188,8188,168237
6189,8189,317847
6190,8190,433091
6191,8191,101981
6192,8192,733399
6193,8193,745371
6194,8194,126146
6195,8195,442501
6196,8196,184293
6197,8197,608377
6198,8198,576608
6199,8199,426025
6200,8200,168382
6201,8201,746642
6202,8202,758761
6203,8203,156958
6204,8204,448702
6205,8205,797720
6206,8206,291201
6207,8207,423946
6208,8208,453245
6209,8209,299531
6210,8210,757070
6211,8211,741042
6212,8212,141652
6213,8213,625872
6214,8214,769094
6215,8215,595309
6216,8216,157096
6217,8217,758802
6218,8218,298752
6219,8219,723721
6220,8220,703191
6221,8221,163805
6222,8222,592129
6223,8223,327876
6224,8224,272363
6225,8225,458580
6226,8226,726470
6227,8227,153737
6228,8228,287940
6229,8229,711139
6230,8230,164124
6231,8231,308411
6232,8232,459882
6233,8233,775550
6234,8234,765549
6235,8235,292207
6236,8236,190683
6237,8237,611869
6238,8238,130068
6239,8239,294254
6240,8240,137145
6241,8241,187732
6242,8242,169055
6243,8243,155437
6244,8244,142126
6245,8245,789759
6246,8246,174608
6247,8247,741084
6248,8248,151990
6249,8249,460837
6250,8250,734412
6251,8251,734811
6252,8252,640453
6253,8253,148880
6254,8254,143542
6255,8255,766465
6256,8256,278961
6257,8257,150308
6258,8258,176280
6259,8259,119051
6260,8260,736844
6261,8261,145231
6262,8262,284853
6263,8263,773146
6264,8264,474812
6265,8265,759072
6266,8266,748301
6267,8267,181786
6268,8268,591722
6269,8269,602695
6270,8270,454866
6271,8271,140791
6272,8272,596072
6273,8273,728172
6274,8274,172890
6275,8275,110511
6276,8276,151350
6277,8277,285579
6278,8278,146831
6279,8279,260077
6280,8280,321640
6281,8281,443133
6282,8282,761764
6283,8283,600382
6284,8284,745901
6285,8285,608217
6286,8286,426291
6287,8287,750176
6288,8288,421609
6289,8289,279461
6290,8290,139328
6291,8291,135079
6292,8292,603802
6293,8293,122375
6294,8294,762610
6295,8295,793717
6296,8296,770342
6297,8297,158733
6298,8298,738684
6299,8299,153608
6300,8300,611237
6301,8301,472410
6302,8302,783996
6303,8303,737760
6304,8304,719040
6305,8305,159632
6306,8306,297169
6307,8307,730274
6308,8308,288066
6309,8309,279444
6310,8310,303594
6311,8311,789621
6312,8312,301667
6313,8313,293114
6314,8314,322137
6315,8315,756281
6316,8316,761423
6317,8317,789105
6318,8318,114315
6319,8319,722926
6320,8320,294295
6321,8321,777211
6322,8322,745723
6323,8323,766065
6324,8324,273280
6325,8325,766173
6326,8326,602050
6327,8327,735171
6328,8328,176335
6329,8329,316984
6330,8330,752549
6331,8331,147124
6332,8332,269178
6333,8333,591697
6334,8334,121672
6335,8335,601043
6336,8336,157359
6337,8337,761615
6338,8338,151377
6339,8339,481902
6340,8340,121873
6341,8341,600427
6342,8342,175091
6343,8343,162579
6344,8344,738796
6345,8345,614558
6346,8346,290307
6347,8347,301379
6348,8348,613319
6349,8349,420762
6350,8350,320516
6351,8351,766937
6352,8352,264214
6353,8353,382253
6354,8354,708233
6355,8355,301073
6356,8356,636857
6357,8357,466989
6358,8358,172895
6359,8359,767776
6360,8360,308312
6361,8361,106263
6362,8362,174101
6363,8363,288560
6364,8364,277894
6365,8365,592573
6366,8366,466903
6367,8367,600640
6368,8368,752878
6369,8369,599418
6370,8370,777179
6371,8371,265403
6372,8372,300039
6373,8373,762788
6374,8374,604567
6375,8375,628024
6376,8376,454169
6377,8377,292845
6378,8378,436899
6379,8379,417842
6380,8380,587127
6381,8381,125491
6382,8382,147733
6383,8383,711930
6384,8384,601671
6385,8385,441605
6386,8386,623995
6387,8387,161432
6388,8388,773608
6389,8389,451192
6390,8390,168651
6391,8391,301069
6392,8392,732920
6393,8393,290114
6394,8394,311198
6395,8395,609680
6396,8396,754866
6397,8397,751605
6398,8398,604627
6399,8399,133100
6400,8400,753065
6401,8401,293543
6402,8402,596594
6403,8403,411595
6404,8404,607885
6405,8405,122875
6406,8406,273585
6407,8407,308054
6408,8408,716852
6409,8409,165535
6410,8410,134492
6411,8411,461349
6412,8412,723175
6413,8413,589609
6414,8414,465194
6415,8415,595161
6416,8416,131328
6417,8417,459001
6418,8418,699164
6419,8419,772623
6420,8420,127546
6421,8421,180035
6422,8422,764494
6423,8423,143992
6424,8424,758618
6425,8425,113588
6426,8426,134241
6427,8427,440075
6428,8428,607087
6429,8429,599231
6430,8430,593956
6431,8431,440617
6432,8432,146156
6433,8433,599424
6434,8434,314286
6435,8435,757565
6436,8436,608780
6437,8437,180562
6438,8438,759669
6439,8439,602260
6440,8440,314677
6441,8441,596693
6442,8442,750077
6443,8443,176463
6444,8444,153512
6445,8445,313900
6446,8446,624989
6447,8447,185963
6448,8448,114358
6449,8449,716740
6450,8450,727491
6451,8451,115370
6452,8452,519202
6453,8453,172795
6454,8454,289228
6455,8455,452525
6456,8456,133778
6457,8457,725589
6458,8458,105469
6459,8459,714131
6460,8460,165638
6461,8461,738632
6462,8462,731352
6463,8463,636894
6464,8464,307897
6465,8465,174670
6466,8466,736263
6467,8467,172133
6468,8468,311478
6469,8469,721969
6470,8470,600002
6471,8471,410921
6472,8472,444951
6473,8473,734456
6474,8474,308308
6475,8475,142658
6476,8476,774809
6477,8477,594873
6478,8478,603518
6479,8479,758067
6480,8480,592951
6481,8481,774935
6482,8482,167641
6483,8483,607394
6484,8484,739824
6485,8485,126964
6486,8486,150308
6487,8487,597522
6488,8488,582982
6489,8489,744080
6490,8490,425778
6491,8491,182259
6492,8492,769684
6493,8493,424529
6494,8494,455135
6495,8495,710030
6496,8496,143646
6497,8497,145762
6498,8498,584531
6499,8499,283084
6500,8500,604626
6501,8501,440482
6502,8502,461992
6503,8503,326653
6504,8504,756860
6505,8505,477104
6506,8506,284867
6507,8507,299919
6508,8508,472080
6509,8509,745743
6510,8510,605694
6511,8511,579658
6512,8512,183502
6513,8513,434849
6514,8514,753805
6515,8515,286068
6516,8516,575312
6517,8517,308421
6518,8518,784763
6519,8519,134561
6520,8520,728901
6521,8521,138221
6522,8522,142775
6523,8523,608072
6524,8524,711648
6525,8525,172511
6526,8526,177620
6527,8527,757487
6528,8528,727946
6529,8529,471720
6530,8530,590438
6531,8531,603430
6532,8532,749009
6533,8533,575923
6534,8534,488924
6535,8535,723659
6536,8536,750252
6537,8537,752953
6538,8538,301148
6539,8539,604889
6540,8540,750148
6541,8541,157838
6542,8542,580101
6543,8543,276423
6544,8544,322278
6545,8545,309512
6546,8546,446830
6547,8547,326308
6548,8548,160460
6549,8549,614605
6550,8550,629739
6551,8551,602700
6552,8552,742494
6553,8553,291594
6554,8554,107916
6555,8555,579201
6556,8556,765076
6557,8557,583622
6558,8558,291749
6559,8559,764375
6560,8560,452698
6561,8561,153792
6562,8562,177019
6563,8563,464904
6564,8564,258403
6565,8565,182231
6566,8566,743709
6567,8567,612720
6568,8568,453998
6569,8569,733598
6570,8570,158493
6571,8571,287998
6572,8572,142530
6573,8573,614494
6574,8574,585056
6575,8575,560621
6576,8576,432865
6577,8577,475274
6578,8578,319126
6579,8579,159986
6580,8580,757531
6581,8581,789936
6582,8582,775319
6583,8583,284701
6584,8584,159199
6585,8585,762507
6586,8586,285806
6587,8587,608133
6588,8588,584246
6589,8589,298684
6590,8590,746212
6591,8591,475237
6592,8592,469807
6593,8593,731640
6594,8594,490862
6595,8595,313155
6596,8596,721513
6597,8597,730906
6598,8598,724069
6599,8599,590429
6600,8600,334811
6601,8601,748953
6602,8602,155740
6603,8603,789258
6604,8604,731891
6605,8605,156843
6606,8606,171901
6607,8607,132294
6608,8608,466694
6609,8609,754933
6610,8610,722779
6611,8611,168055
6612,8612,456699
6613,8613,751936
6614,8614,757312
6615,8615,182280
6616,8616,750429
6617,8617,734005
6618,8618,724145
6619,8619,584641
6620,8620,131838
6621,8621,736809
6622,8622,596410
6623,8623,615247
6624,8624,731015
6625,8625,732249
6626,8626,296587
6627,8627,149776
6628,8628,165752
6629,8629,754456
6630,8630,608958
6631,8631,753036
6632,8632,122153
6633,8633,418438
6634,8634,706696
6635,8635,725642
6636,8636,593498
6637,8637,305330
6638,8638,701161
6639,8639,133192
6640,8640,138852
6641,8641,588963
6642,8642,739152
6643,8643,121488
6644,8644,144781
6645,8645,731200
6646,8646,774855
6647,8647,471999
6648,8648,132458
6649,8649,134934
6650,8650,185075
6651,8651,721398
6652,8652,750868
6653,8653,329313
6654,8654,131437
6655,8655,717792
6656,8656,738844
6657,8657,594258
6658,8658,152914
6659,8659,151925
6660,8660,157439
6661,8661,697189
6662,8662,750764
6663,8663,135127
6664,8664,775774
6665,8665,764580
6666,8666,769165
6667,8667,319556
6668,8668,752583
6669,8669,140317
6670,8670,146627
6671,8671,768420
6672,8672,143924
6673,8673,301369
6674,8674,747800
6675,8675,744487
6676,8676,774885
6677,8677,289295
6678,8678,427366
6679,8679,763417
6680,8680,746848
6681,8681,138281
6682,8682,740241
6683,8683,442827
6684,8684,735170
6685,8685,631091
6686,8686,621788
6687,8687,724173
6688,8688,137525
6689,8689,142689
6690,8690,703223
6691,8691,136472
6692,8692,759315
6693,8693,745613
6694,8694,775411
6695,8695,457984
6696,8696,778006
6697,8697,163212
6698,8698,447102
6699,8699,129410
6700,8700,576507
6701,8701,306152
6702,8702,768286
6703,8703,152849
6704,8704,758861
6705,8705,313642
6706,8706,441894
6707,8707,159418
6708,8708,160732
6709,8709,727801
6710,8710,153291
6711,8711,758305
6712,8712,757432
6713,8713,155451
6714,8714,765681
6715,8715,493977
6716,8716,453884
6717,8717,781635
6718,8718,416036
6719,8719,752852
6720,8720,268474
6721,8721,589878
6722,8722,333768
6723,8723,166036
6724,8724,452171
6725,8725,172856
6726,8726,155042
6727,8727,742035
6728,8728,266008
6729,8729,158489
6730,8730,730705
6731,8731,149768
6732,8732,147740
6733,8733,742425
6734,8734,456411
6735,8735,786081
6736,8736,453335
6737,8737,148269
6738,8738,745500
6739,8739,750420
6740,8740,621211
6741,8741,382769
6742,8742,294796
6743,8743,553376
6744,8744,440453
6745,8745,451098
6746,8746,620218
6747,8747,465437
6748,8748,626924
6749,8749,592976
6750,8750,281633
6751,8751,288248
6752,8752,762879
6753,8753,777916
6754,8754,308580
6755,8755,140216
6756,8756,272436
6757,8757,145287
6758,8758,763585
6759,8759,724763
6760,8760,189947
6761,8761,745958
6762,8762,620088
6763,8763,728569
6764,8764,440766
6765,8765,776571
6766,8766,576373
6767,8767,611010
6768,8768,132619
6769,8769,131736
6770,8770,748459
6771,8771,436775
6772,8772,306128
6773,8773,745266
6774,8774,735302
6775,8775,596255
6776,8776,780406
6777,8777,731312
6778,8778,278600
6779,8779,730187
6780,8780,130667
6781,8781,731662
6782,8782,423401
6783,8783,167610
6784,8784,753488
6785,8785,449016
6786,8786,348019
6787,8787,761843
6788,8788,521080
6789,8789,175867
6790,8790,725715
6791,8791,273324
6792,8792,589694
6793,8793,742934
6794,8794,175540
6795,8795,141771
6796,8796,297782
6797,8797,576646
6798,8798,163224
6799,8799,471959
6800,8800,165489
6801,8801,752604
6802,8802,620502
6803,8803,760682
6804,8804,465794
6805,8805,284368
6806,8806,144160
6807,8807,462403
6808,8808,590719
6809,8809,640776
6810,8810,308477
6811,8811,611504
6812,8812,771079
6813,8813,755399
6814,8814,609426
6815,8815,588462
6816,8816,593258
6817,8817,149935
6818,8818,728086
6819,8819,782222
6820,8820,127212
6821,8821,728516
6822,8822,300187
6823,8823,759058
6824,8824,435448
6825,8825,739734
6826,8826,294576
6827,8827,450659
6828,8828,762848
6829,8829,135017
6830,8830,741544
6831,8831,307633
6832,8832,773601
6833,8833,618263
6834,8834,757656
6835,8835,108848
6836,8836,282509
6837,8837,734318
6838,8838,320284
6839,8839,428771
6840,8840,719279
6841,8841,457779
6842,8842,759932
6843,8843,434900
6844,8844,141162
6845,8845,481978
6846,8846,572474
6847,8847,279210
6848,8848,312231
6849,8849,752304
6850,8850,748657
6851,8851,419049
6852,8852,580859
6853,8853,593770
6854,8854,187956
6855,8855,289377
6856,8856,270347
6857,8857,141117
6858,8858,285662
6859,8859,161531
6860,8860,697744
6861,8861,586406
6862,8862,178550
6863,8863,762459
6864,8864,301262
6865,8865,588854
6866,8866,163490
6867,8867,312755
6868,8868,727536
6869,8869,771966
6870,8870,344675
6871,8871,141973
6872,8872,579795
6873,8873,616068
6874,8874,618639
6875,8875,444753
6876,8876,725983
6877,8877,158700
6878,8878,691922
6879,8879,602820
6880,8880,236135
6881,8881,141482
6882,8882,324129
6883,8883,643111
6884,8884,321007
6885,8885,753364
6886,8886,309617
6887,8887,304600
6888,8888,579393
6889,8889,308461
6890,8890,443005
6891,8891,765904
6892,8892,622865
6893,8893,741121
6894,8894,748517
6895,8895,304883
6896,8896,754420
6897,8897,644030
6898,8898,744466
6899,8899,112461
6900,8900,445884
6901,8901,638180
6902,8902,608157
6903,8903,602142
6904,8904,725901
6905,8905,147291
6906,8906,180616
6907,8907,472056
6908,8908,628934
6909,8909,125161
6910,8910,764777
6911,8911,708964
6912,8912,748187
6913,8913,606263
6914,8914,623533
6915,8915,768638
6916,8916,475265
6917,8917,778055
6918,8918,598501
6919,8919,423368
6920,8920,761245
6921,8921,616949
6922,8922,289152
6923,8923,301493
6924,8924,163726
6925,8925,780684
6926,8926,571905
6927,8927,774613
6928,8928,748811
6929,8929,146706
6930,8930,625015
6931,8931,139184
6932,8932,610728
6933,8933,436167
6934,8934,745851
6935,8935,329508
6936,8936,458500
6937,8937,775634
6938,8938,709017
6939,8939,176385
6940,8940,579539
6941,8941,137433
6942,8942,440804
6943,8943,757537
6944,8944,307852
6945,8945,162255
6946,8946,157505
6947,8947,157797
6948,8948,143899
6949,8949,454543
6950,8950,308788
6951,8951,421670
6952,8952,760664
6953,8953,154423
6954,8954,471081
6955,8955,180138
6956,8956,181300
6957,8957,685845
6958,8958,732715
6959,8959,579647
6960,8960,750634
6961,8961,286812
6962,8962,169519
6963,8963,286561
6964,8964,304100
6965,8965,584326
6966,8966,302675
6967,8967,98148
6968,8968,736762
6969,8969,264898
6970,8970,622195
6971,8971,152276
6972,8972,597604
6973,8973,442096
6974,8974,296332
6975,8975,621187
6976,8976,300033
6977,8977,142161
6978,8978,115099
6979,8979,739007
6980,8980,597628
6981,8981,307448
6982,8982,760597
6983,8983,764227
6984,8984,747229
6985,8985,581912
6986,8986,746354
6987,8987,131126
6988,8988,713836
6989,8989,158292
6990,8990,711278
6991,8991,128097
6992,8992,298899
6993,8993,182996
6994,8994,586256
6995,8995,408489
6996,8996,146838
6997,8997,748023
6998,8998,580761
6999,8999,444998
7000,9000,134402
7001,9001,756858
7002,9002,135057
7003,9003,585250
7004,9004,315674
7005,9005,745697
7006,9006,738036
7007,9007,780196
7008,9008,756821
7009,9009,565940
7010,9010,275328
7011,9011,297840
7012,9012,317530
7013,9013,706807
7014,9014,724669
7015,9015,177240
7016,9016,133692
7017,9017,733810
7018,9018,720856
7019,9019,160870
7020,9020,416343
7021,9021,747827
7022,9022,459118
7023,9023,301426
7024,9024,604261
7025,9025,587747
7026,9026,771676
7027,9027,308024
7028,9028,721208
7029,9029,139529
7030,9030,488110
7031,9031,607290
7032,9032,614045
7033,9033,126089
7034,9034,620155
7035,9035,558012
7036,9036,756198
7037,9037,743697
7038,9038,744346
7039,9039,170506
7040,9040,127526
7041,9041,304733
7042,9042,755221
7043,9043,155050
7044,9044,778296
7045,9045,149212
7046,9046,758957
7047,9047,620720
7048,9048,284927
7049,9049,746860
7050,9050,124552
7051,9051,611210
7052,9052,452159
7053,9053,764712
7054,9054,748414
7055,9055,139073
7056,9056,307271
7057,9057,328813
7058,9058,461639
7059,9059,121416
7060,9060,753774
7061,9061,192524
7062,9062,586795
7063,9063,440276
7064,9064,560838
7065,9065,748230
7066,9066,140926
7067,9067,759503
7068,9068,150220
7069,9069,753724
7070,9070,611073
7071,9071,413644
7072,9072,172899
7073,9073,608297
7074,9074,169458
7075,9075,758347
7076,9076,607788
7077,9077,446361
7078,9078,440219
7079,9079,767426
7080,9080,458685
7081,9081,443114
7082,9082,776657
7083,9083,596272
7084,9084,308083
7085,9085,577028
7086,9086,741042
7087,9087,427834
7088,9088,428054
7089,9089,746067
7090,9090,739332
7091,9091,769178
7092,9092,737262
7093,9093,759707
7094,9094,735173
7095,9095,749776
7096,9096,578055
7097,9097,163311
7098,9098,779558
7099,9099,726729
7100,9100,761561
7101,9101,481906
7102,9102,733583
7103,9103,479195
7104,9104,750668
7105,9105,147718
7106,9106,144114
7107,9107,444427
7108,9108,125633
7109,9109,588363
7110,9110,792751
7111,9111,271462
7112,9112,603523
7113,9113,598317
7114,9114,146996
7115,9115,734042
7116,9116,115342
7117,9117,605581
7118,9118,136982
7119,9119,751715
7120,9120,285060
7121,9121,760217
7122,9122,448742
7123,9123,753693
7124,9124,310071
7125,9125,150117
7126,9126,734244
7127,9127,767128
7128,9128,337083
7129,9129,307417
7130,9130,544962
7131,9131,582988
7132,9132,745763
7133,9133,442246
7134,9134,418718
7135,9135,434782
7136,9136,449289
7137,9137,604133
7138,9138,599593
7139,9139,132283
7140,9140,725236
7141,9141,139842
7142,9142,739983
7143,9143,158622
7144,9144,425765
7145,9145,603082
7146,9146,148595
7147,9147,141987
7148,9148,157490
7149,9149,140706
7150,9150,770110
7151,9151,614197
7152,9152,586298
7153,9153,781066
7154,9154,110095
7155,9155,480732
7156,9156,177655
7157,9157,578039
7158,9158,743819
7159,9159,727612
7160,9160,740643
7161,9161,777381
7162,9162,746740
7163,9163,709133
7164,9164,164621
7165,9165,604299
7166,9166,576220
7167,9167,781151
7168,9168,763884
7169,9169,443541
7170,9170,454913
7171,9171,775247
7172,9172,311478
7173,9173,420181
7174,9174,585253
7175,9175,260983
7176,9176,295820
7177,9177,710893
7178,9178,302012
7179,9179,316163
7180,9180,146990
7181,9181,424449
7182,9182,298931
7183,9183,154541
7184,9184,468243
7185,9185,136406
7186,9186,759980
7187,9187,426836
7188,9188,581420
7189,9189,774982
7190,9190,638520
7191,9191,284781
7192,9192,623033
7193,9193,613622
7194,9194,590054
7195,9195,298247
7196,9196,160269
7197,9197,162306
7198,9198,626918
7199,9199,731315
7200,9200,167404
7201,9201,614917
7202,9202,329578
7203,9203,293358
7204,9204,322442
7205,9205,629072
7206,9206,755696
7207,9207,154624
7208,9208,449968
7209,9209,466980
7210,9210,322499
7211,9211,162090
7212,9212,163152
7213,9213,736655
7214,9214,287084
7215,9215,725603
7216,9216,790466
7217,9217,142170
7218,9218,463860
7219,9219,130784
7220,9220,140259
7221,9221,126487
7222,9222,133024
7223,9223,451540
7224,9224,306431
7225,9225,750951
7226,9226,734063
7227,9227,746227
7228,9228,167872
7229,9229,322852
7230,9230,163896
7231,9231,756786
7232,9232,743987
7233,9233,736600
7234,9234,748453
7235,9235,753435
7236,9236,620227
7237,9237,437761
7238,9238,129775
7239,9239,110883
7240,9240,171566
7241,9241,747551
7242,9242,718452
7243,9243,588456
7244,9244,585721
7245,9245,439679
7246,9246,462422
7247,9247,728732
7248,9248,616651
7249,9249,736309
7250,9250,284177
7251,9251,726697
7252,9252,297911
7253,9253,455460
7254,9254,591632
7255,9255,748689
7256,9256,444544
7257,9257,317588
7258,9258,745347
7259,9259,601203
7260,9260,780932
7261,9261,653873
7262,9262,433421
7263,9263,777491
7264,9264,280533
7265,9265,614238
7266,9266,185488
7267,9267,762192
7268,9268,149399
7269,9269,712651
7270,9270,138417
7271,9271,137487
7272,9272,286013
7273,9273,750328
7274,9274,755302
7275,9275,704683
7276,9276,266938
7277,9277,774109
7278,9278,742963
7279,9279,737529
7280,9280,606453
7281,9281,774052
7282,9282,565837
7283,9283,574734
7284,9284,139821
7285,9285,626361
7286,9286,633014
7287,9287,601069
7288,9288,458312
7289,9289,737403
7290,9290,448162
7291,9291,750259
7292,9292,576739
7293,9293,306010
7294,9294,165324
7295,9295,462811
7296,9296,130976
7297,9297,737693
7298,9298,140874
7299,9299,755893
7300,9300,154276
7301,9301,623369
7302,9302,603661
7303,9303,625482
7304,9304,775521
7305,9305,738186
7306,9306,302092
7307,9307,596387
7308,9308,760944
7309,9309,760841
7310,9310,460582
7311,9311,598910
7312,9312,602928
7313,9313,336072
7314,9314,291494
7315,9315,140423
7316,9316,735858
7317,9317,613003
7318,9318,608355
7319,9319,601665
7320,9320,739998
7321,9321,155095
7322,9322,461567
7323,9323,279088
7324,9324,762426
7325,9325,725268
7326,9326,488423
7327,9327,747194
7328,9328,325994
7329,9329,148764
7330,9330,626415
7331,9331,630742
7332,9332,309890
7333,9333,132171
7334,9334,583449
7335,9335,756776
7336,9336,752505
7337,9337,168530
7338,9338,747488
7339,9339,759185
7340,9340,450352
7341,9341,608582
7342,9342,756970
7343,9343,766024
7344,9344,607810
7345,9345,328508
7346,9346,639288
7347,9347,471846
7348,9348,448747
7349,9349,167181
7350,9350,615752
7351,9351,587553
7352,9352,339211
7353,9353,474550
7354,9354,747173
7355,9355,751390
7356,9356,727265
7357,9357,450937
7358,9358,310002
7359,9359,446844
7360,9360,127792
7361,9361,162193
7362,9362,444741
7363,9363,434541
7364,9364,757848
7365,9365,277900
7366,9366,452203
7367,9367,324561
7368,9368,617860
7369,9369,459848
7370,9370,301313
7371,9371,708573
7372,9372,743897
7373,9373,750007
7374,9374,765465
7375,9375,582724
7376,9376,610696
7377,9377,312726
7378,9378,151429
7379,9379,167849
7380,9380,275457
7381,9381,731938
7382,9382,602138
7383,9383,735436
7384,9384,148059
7385,9385,322905
7386,9386,537168
7387,9387,196989
7388,9388,612968
7389,9389,151763
7390,9390,592583
7391,9391,758393
7392,9392,591960
7393,9393,602981
7394,9394,300791
7395,9395,141087
7396,9396,754964
7397,9397,588457
7398,9398,157459
7399,9399,763208
7400,9400,489047
7401,9401,752982
7402,9402,795858
7403,9403,161302
7404,9404,154561
7405,9405,132741
7406,9406,745716
7407,9407,621494
7408,9408,727614
7409,9409,735181
7410,9410,449556
7411,9411,598538
7412,9412,772452
7413,9413,474384
7414,9414,726583
7415,9415,616254
7416,9416,140177
7417,9417,756086
7418,9418,598190
7419,9419,765990
7420,9420,409461
7421,9421,143121
7422,9422,780036
7423,9423,748381
7424,9424,103264
7425,9425,285974
7426,9426,170871
7427,9427,428016
7428,9428,589449
7429,9429,311899
7430,9430,756006
7431,9431,273434
7432,9432,564893
7433,9433,736429
7434,9434,454776
7435,9435,455784
7436,9436,775136
7437,9437,561759
7438,9438,459573
7439,9439,589617
7440,9440,146853
7441,9441,161817
7442,9442,178630
7443,9443,749340
7444,9444,602147
7445,9445,161906
7446,9446,754717
7447,9447,764659
7448,9448,792708
7449,9449,209906
7450,9450,749224
7451,9451,637932
7452,9452,292202
7453,9453,135142
7454,9454,707744
7455,9455,753922
7456,9456,295472
7457,9457,151435
7458,9458,752454
7459,9459,752344
7460,9460,154133
7461,9461,708406
7462,9462,727058
7463,9463,603444
7464,9464,719946
7465,9465,611264
7466,9466,140495
7467,9467,743955
7468,9468,455371
7469,9469,767007
7470,9470,761058
7471,9471,745981
7472,9472,759150
7473,9473,736714
7474,9474,719874
7475,9475,118719
7476,9476,595886
7477,9477,304944
7478,9478,436928
7479,9479,581991
7480,9480,737352
7481,9481,737627
7482,9482,432025
7483,9483,305161
7484,9484,751210
7485,9485,500174
7486,9486,593088
7487,9487,590894
7488,9488,618796
7489,9489,744706
7490,9490,424470
7491,9491,166109
7492,9492,142022
7493,9493,475993
7494,9494,768656
7495,9495,794671
7496,9496,288785
7497,9497,599760
7498,9498,434322
7499,9499,291914
7500,9500,296966
7501,9501,257823
7502,9502,163514
7503,9503,157501
7504,9504,201573
7505,9505,456246
7506,9506,415040
7507,9507,763959
7508,9508,145981
7509,9509,291504
7510,9510,597702
7511,9511,321112
7512,9512,757122
7513,9513,795920
7514,9514,739841
7515,9515,308103
7516,9516,753033
7517,9517,127809
7518,9518,134319
7519,9519,167093
7520,9520,744021
7521,9521,312478
7522,9522,748884
7523,9523,734602
7524,9524,435803
7525,9525,726457
7526,9526,770160
7527,9527,743708
7528,9528,731193
7529,9529,588368
7530,9530,718743
7531,9531,759178
7532,9532,158121
7533,9533,165494
7534,9534,441217
7535,9535,137615
7536,9536,452536
7537,9537,146335
7538,9538,126483
7539,9539,325689
7540,9540,740759
7541,9541,629425
7542,9542,122972
7543,9543,770047
7544,9544,149850
7545,9545,152670
7546,9546,805575
7547,9547,736437
7548,9548,612055
7549,9549,621547
7550,9550,467609
7551,9551,448786
7552,9552,591645
7553,9553,604298
7554,9554,619021
7555,9555,166808
7556,9556,289821
7557,9557,445607
7558,9558,299924
7559,9559,159709
7560,9560,609801
7561,9561,145221
7562,9562,774301
7563,9563,138955
7564,9564,474263
7565,9565,457108
7566,9566,170993
7567,9567,626103
7568,9568,584936
7569,9569,429879
7570,9570,483551
7571,9571,783235
7572,9572,157096
7573,9573,300448
7574,9574,270581
7575,9575,594241
7576,9576,140525
7577,9577,615553
7578,9578,608455
7579,9579,334831
7580,9580,709615
7581,9581,312276
7582,9582,587615
7583,9583,149255
7584,9584,770066
7585,9585,145806
7586,9586,814580
7587,9587,442791
7588,9588,441628
7589,9589,714630
7590,9590,157742
7591,9591,751422
7592,9592,120949
7593,9593,141514
7594,9594,763434
7595,9595,726155
7596,9596,284626
7597,9597,154137
7598,9598,311571
7599,9599,326432
7600,9600,515098
7601,9601,595868
7602,9602,563011
7603,9603,416033
7604,9604,362260
7605,9605,746592
7606,9606,183337
7607,9607,165810
7608,9608,572754
7609,9609,735132
7610,9610,645676
7611,9611,136789
7612,9612,157776
7613,9613,450345
7614,9614,554393
7615,9615,342971
7616,9616,572567
7617,9617,750178
7618,9618,730922
7619,9619,170247
7620,9620,752910
7621,9621,629460
7622,9622,494273
7623,9623,622002
7624,9624,460440
7625,9625,737570
7626,9626,140953
7627,9627,167353
7628,9628,150475
7629,9629,631363
7630,9630,631641
7631,9631,757093
7632,9632,283920
7633,9633,446517
7634,9634,769138
7635,9635,276787
7636,9636,620575
7637,9637,133976
7638,9638,288240
7639,9639,135266
7640,9640,275779
7641,9641,778859
7642,9642,156861
7643,9643,133421
7644,9644,139488
7645,9645,328734
7646,9646,445013
7647,9647,615254
7648,9648,745915
7649,9649,166343
7650,9650,584051
7651,9651,130560
7652,9652,748404
7653,9653,764268
7654,9654,441279
7655,9655,745929
7656,9656,603333
7657,9657,289007
7658,9658,286331
7659,9659,603826
7660,9660,476274
7661,9661,735785
7662,9662,444478
7663,9663,759040
7664,9664,154348
7665,9665,778063
7666,9666,149604
7667,9667,122787
7668,9668,426434
7669,9669,475584
7670,9670,275696
7671,9671,147041
7672,9672,578354
7673,9673,300611
7674,9674,755504
7675,9675,756495
7676,9676,597818
7677,9677,722649
7678,9678,138793
7679,9679,137815
7680,9680,169877
7681,9681,438267
7682,9682,112030
7683,9683,767139
7684,9684,759677
7685,9685,587438
7686,9686,724986
7687,9687,440831
7688,9688,599925
7689,9689,611894
7690,9690,185538
7691,9691,756248
7692,9692,463470
7693,9693,118232
7694,9694,428038
7695,9695,772127
7696,9696,273796
7697,9697,284784
7698,9698,607633
7699,9699,157513
7700,9700,581661
7701,9701,331083
7702,9702,727298
7703,9703,605992
7704,9704,785164
7705,9705,306873
7706,9706,417293
7707,9707,168726
7708,9708,446251
7709,9709,614017
7710,9710,328300
7711,9711,717886
7712,9712,608829
7713,9713,174704
7714,9714,157112
7715,9715,180208
7716,9716,754206
7717,9717,183850
7718,9718,417278
7719,9719,318071
7720,9720,549453
7721,9721,456881
7722,9722,726806
7723,9723,466369
7724,9724,141904
7725,9725,152018
7726,9726,137553
7727,9727,186413
7728,9728,445909
7729,9729,582788
7730,9730,120266
7731,9731,732010
7732,9732,729562
7733,9733,300119
7734,9734,594559
7735,9735,106443
7736,9736,741886
7737,9737,104602
7738,9738,766856
7739,9739,595996
7740,9740,723539
7741,9741,295065
7742,9742,169687
7743,9743,594781
7744,9744,751399
7745,9745,317051
7746,9746,738387
7747,9747,582007
7748,9748,732519
7749,9749,316600
7750,9750,754239
7751,9751,610722
7752,9752,574587
7753,9753,333467
7754,9754,771019
7755,9755,278784
7756,9756,760310
7757,9757,131310
7758,9758,118460
7759,9759,608018
7760,9760,154540
7761,9761,761502
7762,9762,768604
7763,9763,466153
7764,9764,151921
7765,9765,148552
7766,9766,626403
7767,9767,743132
7768,9768,171673
7769,9769,560568
7770,9770,138695
7771,9771,149015
7772,9772,162655
7773,9773,166182
7774,9774,771071
7775,9775,604414
7776,9776,297174
7777,9777,472881
7778,9778,302873
7779,9779,475305
7780,9780,760488
7781,9781,600281
7782,9782,318192
7783,9783,605493
7784,9784,755081
7785,9785,733568
7786,9786,146268
7787,9787,590186
7788,9788,605169
7789,9789,753816
7790,9790,746561
7791,9791,147337
7792,9792,758939
7793,9793,714858
7794,9794,720844
7795,9795,746552
7796,9796,174734
7797,9797,478688
7798,9798,720635
7799,9799,812848
7800,9800,432198
7801,9801,130228
7802,9802,103439
7803,9803,436987
7804,9804,743229
7805,9805,480776
7806,9806,766313
7807,9807,172094
7808,9808,787810
7809,9809,794633
7810,9810,189337
7811,9811,757387
7812,9812,741904
7813,9813,320455
7814,9814,735163
7815,9815,612244
7816,9816,595760
7817,9817,738841
7818,9818,116622
7819,9819,309212
7820,9820,431145
7821,9821,762442
7822,9822,747261
7823,9823,149312
7824,9824,147035
7825,9825,421851
7826,9826,436062
7827,9827,732768
7828,9828,282443
7829,9829,731750
7830,9830,580407
7831,9831,734121
7832,9832,285353
7833,9833,460771
7834,9834,153716
7835,9835,580926
7836,9836,591768
7837,9837,112989
7838,9838,753108
7839,9839,294827
7840,9840,131384
7841,9841,191993
7842,9842,444754
7843,9843,308953
7844,9844,143224
7845,9845,727146
7846,9846,753680
7847,9847,589780
7848,9848,163876
7849,9849,593873
7850,9850,144771
7851,9851,470496
7852,9852,152750
7853,9853,753458
7854,9854,604808
7855,9855,168234
7856,9856,199698
7857,9857,740931
7858,9858,147489
7859,9859,586107
7860,9860,744217
7861,9861,307052
7862,9862,309933
7863,9863,472592
7864,9864,142575
7865,9865,307629
7866,9866,731756
7867,9867,584072
7868,9868,767799
7869,9869,443945
7870,9870,436270
7871,9871,119281
7872,9872,169645
7873,9873,715493
7874,9874,268896
7875,9875,611564
7876,9876,745516
7877,9877,757489
7878,9878,744157
7879,9879,167507
7880,9880,474096
7881,9881,476215
7882,9882,145474
7883,9883,727520
7884,9884,149520
7885,9885,133265
7886,9886,588433
7887,9887,787886
7888,9888,166971
7889,9889,294338
7890,9890,597982
7891,9891,590007
7892,9892,153621
7893,9893,441350
7894,9894,771606
7895,9895,599763
7896,9896,732226
7897,9897,478904
7898,9898,759394
7899,9899,157747
7900,9900,413215
7901,9901,149036
7902,9902,135531
7903,9903,393335
7904,9904,748238
7905,9905,747182
7906,9906,775031
7907,9907,738581
7908,9908,583683
7909,9909,136358
7910,9910,154956
7911,9911,173018
7912,9912,749969
7913,9913,738434
7914,9914,146333
7915,9915,163059
7916,9916,623237
7917,9917,623653
7918,9918,597766
7919,9919,459237
7920,9920,166074
7921,9921,748581
7922,9922,763619
7923,9923,615344
7924,9924,610622
7925,9925,466202
7926,9926,341366
7927,9927,733510
7928,9928,776293
7929,9929,753870
7930,9930,748915
7931,9931,738922
7932,9932,755551
7933,9933,589580
7934,9934,446759
7935,9935,570959
7936,9936,752096
7937,9937,581954
7938,9938,296662
7939,9939,300189
7940,9940,431537
7941,9941,131244
7942,9942,441070
7943,9943,736585
7944,9944,452462
7945,9945,147202
7946,9946,768501
7947,9947,151657
7948,9948,456567
7949,9949,148037
7950,9950,118914
7951,9951,597743
7952,9952,109944
7953,9953,740602
7954,9954,761402
7955,9955,127110
7956,9956,707153
7957,9957,584921
7958,9958,453108
7959,9959,140902
7960,9960,723911
7961,9961,739841
7962,9962,460034
7963,9963,143251
7964,9964,616009
7965,9965,588901
7966,9966,419851
7967,9967,783394
7968,9968,457665
7969,9969,326760
7970,9970,148059
7971,9971,294441
7972,9972,178314
7973,9973,180821
7974,9974,723445
7975,9975,137628
7976,9976,131956
7977,9977,762875
7978,9978,434728
7979,9979,610111
7980,9980,766326
7981,9981,187380
7982,9982,728015
7983,9983,323366
7984,9984,595367
7985,9985,338372
7986,9986,471006
7987,9987,319033
7988,9988,435075
7989,9989,746088
7990,9990,458178
7991,9991,738761
7992,9992,463600
7993,9993,786047
7994,9994,137495
7995,9995,135755
7996,9996,588316
7997,9997,479668
7998,9998,746075
7999,9999,482459
8000,10000,615464
