loc_id,city,office_tier
2001,Bangalore,1
2002,Mumbai,2
2003,Mumbai,1
2004,Mumbai,3
2005,Delhi,2
2006,Pune,1
2007,Mumbai,2
2008,Pune,3
2009,Bangalore,1
2010,Mumbai,2
2011,Bangalore,1
2012,Bangalore,1
2013,Chennai,3
2014,Hyderabad,3
2015,Bangalore,2
2016,Bangalore,1
2017,Chennai,1
2018,Delhi,1
2019,Bangalore,1
2020,Mumbai,2
2021,Delhi,1
2022,Hyderabad,1
2023,Hyderabad,3
2024,Bangalore,1
2025,Pune,3
2026,Hyderabad,1
2027,Hyderabad,3
2028,Chennai,3
2029,Hyderabad,2
2030,Mumbai,2
2031,Pune,1
2032,Bangalore,1
2033,Chennai,3
2034,Chennai,1
2035,Chennai,3
2036,Bangalore,1
2037,Delhi,2
2038,Mumbai,2
2039,Chennai,3
2040,Pune,3
2041,Delhi,2
2042,Pune,3
2043,Hyderabad,1
2044,Pune,3
2045,Chennai,1
2046,Delhi,1
2047,Mumbai,2
2048,Chennai,1
2049,Mumbai,2
2050,Hyderabad,3
2051,Bangalore,1
2052,Delhi,3
2053,Bangalore,2
2054,Hyderabad,3
2055,Pune,3
2056,Pune,2
2057,Hyderabad,2
2058,Mumbai,1
2059,Delhi,2
2060,Hyderabad,3
2061,Hyderabad,2
2062,Delhi,1
2063,Chennai,1
2064,Mumbai,1
2065,Mumbai,1
2066,Delhi,2
2067,Bangalore,2
2068,Chennai,2
2069,Pune,1
2070,Delhi,1
2071,Mumbai,2
2072,Chennai,3
2073,Bangalore,2
2074,Hyderabad,2
2075,Hyderabad,2
2076,Hyderabad,1
2077,Pune,2
2078,Chennai,3
2079,Mumbai,2
2080,Bangalore,1
2081,Mumbai,2
2082,Chennai,1
2083,Pune,1
2084,Pune,1
2085,Chennai,2
2086,Delhi,1
2087,Chennai,3
2088,Mumbai,3
2089,Hyderabad,1
2090,Delhi,3
2091,Mumbai,2
2092,Delhi,1
2093,Delhi,1
2094,Chennai,3
2095,Bangalore,1
2096,Delhi,2
2097,Chennai,1
2098,Pune,3
2099,Hyderabad,3
2100,Bangalore,2
