proj_id,dept_id,priority,budget_tier
5001,3,Medium,1
5002,6,Critical,3
5003,4,Medium,1
5004,2,Medium,1
5005,6,Low,3
5006,2,Medium,2
5007,5,Medium,5
5008,4,Medium,5
5009,6,Medium,3
5010,3,Low,1
5011,6,Medium,4
5012,5,High,4
5013,2,Low,2
5014,5,Medium,5
5015,1,Medium,5
5016,4,Critical,3
5017,3,Low,1
5018,2,Medium,2
5019,5,Low,3
5020,3,Medium,1
5021,4,Low,2
5022,3,Medium,1
5023,4,High,5
5024,4,Low,4
5025,4,High,4
5026,5,Medium,5
5027,4,Low,5
5028,3,Medium,1
5029,1,Medium,5
5030,3,Low,1
5031,5,High,2
5032,4,High,4
5033,1,High,5
5034,5,Medium,3
5035,2,Low,2
5036,2,High,2
5037,2,Medium,2
5038,1,High,5
5039,3,High,1
5040,1,High,4
5041,1,Medium,5
5042,1,Critical,5
5043,2,Medium,1
5044,6,Medium,4
5045,3,Medium,1
5046,6,Low,1
5047,6,Medium,4
5048,1,High,5
5049,3,Low,1
5050,6,Medium,5
5051,4,Medium,5
5052,1,Medium,4
5053,1,Medium,4
5054,1,Critical,2
5055,4,Low,3
5056,4,High,3
5057,2,High,4
5058,5,Medium,1
5059,3,Low,3
5060,5,Medium,2
5061,1,Critical,5
5062,6,Medium,5
5063,1,Medium,5
5064,6,Critical,3
5065,2,High,2
5066,5,Medium,2
5067,1,Critical,5
5068,5,Low,4
5069,2,High,1
5070,5,Medium,4
5071,6,Medium,5
5072,3,Medium,1
5073,2,Low,2
5074,5,Medium,5
5075,1,Low,5
5076,4,Low,4
5077,4,Medium,3
5078,2,High,1
5079,4,Low,2
5080,3,Medium,1
5081,2,High,1
5082,1,Low,5
5083,1,Critical,3
5084,2,High,2
5085,4,Low,3
5086,4,Critical,2
5087,1,Medium,5
5088,3,Low,1
5089,6,Medium,3
5090,4,Medium,1
5091,3,Medium,2
5092,4,High,2
5093,6,Low,4
5094,2,Critical,1
5095,5,High,3
5096,1,High,5
5097,2,Low,3
5098,4,Medium,1
5099,6,High,2
5100,1,High,1
5101,5,Critical,4
5102,5,Critical,2
5103,6,Medium,4
5104,6,High,5
5105,4,Low,3
5106,1,Medium,5
5107,4,Low,1
5108,5,High,4
5109,2,Critical,4
5110,2,Low,1
5111,3,Medium,3
5112,5,Critical,3
5113,5,Medium,3
5114,4,Medium,4
5115,3,Medium,2
5116,6,Medium,4
5117,3,Critical,2
5118,1,Medium,5
5119,4,Low,5
5120,6,Low,5
5121,6,Low,4
5122,2,Medium,4
5123,1,Critical,5
5124,3,High,3
5125,2,Critical,2
5126,5,Critical,1
5127,4,Medium,4
5128,3,Medium,1
5129,5,Medium,3
5130,6,Low,3
5131,3,Medium,2
5132,2,Medium,1
5133,1,Medium,5
5134,2,Medium,1
5135,4,Medium,3
5136,4,Medium,4
5137,3,Medium,1
5138,2,Low,2
5139,1,Medium,5
5140,6,Medium,3
5141,4,High,3
5142,1,Low,5
5143,5,Medium,5
5144,3,Medium,1
5145,1,Low,1
5146,3,Medium,2
5147,5,Medium,4
5148,1,Medium,5
5149,1,Low,2
5150,6,Medium,3
5151,5,Low,5
5152,2,Medium,1
5153,1,High,5
5154,6,Low,4
5155,1,Medium,5
5156,6,Medium,1
5157,4,Medium,1
5158,2,Medium,4
5159,1,Medium,5
5160,5,Low,5
5161,3,Low,1
5162,5,Medium,2
5163,2,Low,2
5164,4,Low,2
5165,4,Medium,1
5166,4,Low,3
5167,6,Low,5
5168,5,Low,5
5169,3,Low,1
5170,3,High,1
5171,6,Low,5
5172,1,High,5
5173,6,Medium,5
5174,3,Medium,2
5175,3,Low,3
5176,1,Critical,5
5177,5,High,5
5178,5,Low,5
5179,2,Low,1
5180,5,Medium,4
5181,4,Critical,3
5182,4,Medium,3
5183,2,Medium,1
5184,3,Low,1
5185,2,Medium,2
5186,1,Low,5
5187,2,Medium,1
5188,2,Low,3
5189,6,Low,4
5190,4,Medium,2
5191,1,Medium,5
5192,6,Medium,5
5193,1,High,5
5194,2,Low,3
5195,6,Medium,2
5196,6,High,5
5197,1,High,4
5198,1,High,5
5199,5,Low,5
5200,1,Low,5
5201,6,Medium,4
5202,3,Medium,2
5203,1,Low,5
5204,4,Medium,1
5205,5,Medium,3
5206,4,Medium,2
5207,4,Low,4
5208,3,Low,2
5209,5,Low,4
5210,2,Medium,2
5211,6,Low,1
5212,6,High,3
5213,1,Low,5
5214,6,High,5
5215,3,Medium,5
5216,6,Low,5
5217,3,Medium,3
5218,2,Medium,1
5219,3,Medium,1
5220,2,Medium,2
5221,2,Medium,1
5222,2,Medium,1
5223,3,Medium,1
5224,2,Medium,2
5225,3,Low,1
5226,5,High,5
5227,2,High,3
5228,3,Critical,1
5229,3,Low,1
5230,3,High,2
5231,1,High,5
5232,1,Medium,5
5233,2,Medium,4
5234,6,Critical,3
5235,5,Critical,5
5236,6,Medium,4
5237,2,Medium,1
5238,4,High,5
5239,4,Low,1
5240,5,Low,4
5241,5,Critical,2
5242,5,High,5
5243,1,Critical,5
5244,1,Medium,5
5245,4,Medium,4
5246,5,Critical,3
5247,3,Medium,2
5248,6,High,4
5249,4,Medium,3
5250,5,Low,3
5251,3,Low,3
5252,5,Medium,4
5253,2,Medium,3
5254,3,Low,1
5255,6,Medium,3
5256,2,Medium,3
5257,1,High,5
5258,4,Low,4
5259,5,Medium,1
5260,4,Low,4
5261,6,Low,2
5262,5,Low,5
5263,2,Medium,2
5264,3,Low,3
5265,3,Low,1
5266,5,Low,4
5267,2,Critical,1
5268,5,Critical,5
5269,5,Low,4
5270,5,Medium,2
5271,3,Critical,4
5272,6,Low,3
5273,5,Low,2
5274,3,Low,2
5275,1,Critical,5
5276,2,High,2
5277,1,Low,5
5278,5,Low,4
5279,3,Critical,1
5280,2,Medium,3
5281,4,Medium,5
5282,2,Low,1
5283,2,High,2
5284,5,Low,1
5285,1,High,5
5286,1,Low,5
5287,4,Low,3
5288,5,Medium,1
5289,2,High,2
5290,6,Medium,4
5291,1,Low,5
5292,1,Medium,5
5293,3,Medium,4
5294,2,High,2
5295,5,Medium,3
5296,1,Low,5
5297,5,Medium,1
5298,2,Medium,1
5299,2,Critical,1
5300,1,Medium,5
5301,4,Medium,3
5302,5,Medium,3
5303,5,Medium,4
5304,3,Medium,2
5305,2,Medium,1
5306,2,High,1
5307,1,Medium,5
5308,1,Low,5
5309,1,Low,5
5310,3,Medium,2
5311,4,Low,5
5312,1,Medium,5
5313,1,Medium,4
5314,6,Medium,5
5315,1,High,5
5316,3,Medium,1
5317,5,Critical,4
5318,4,Medium,4
5319,5,Medium,5
5320,6,Low,4
5321,2,Medium,1
5322,2,Low,1
5323,1,Medium,5
5324,6,Medium,2
5325,5,Medium,5
5326,3,Low,1
5327,4,Medium,5
5328,5,Medium,4
5329,6,Medium,2
5330,6,Critical,5
5331,5,High,4
5332,4,Low,5
5333,5,Medium,4
5334,5,Medium,5
5335,4,High,1
5336,3,High,2
5337,6,Low,4
5338,4,High,2
5339,1,Low,5
5340,1,High,5
5341,1,Low,3
5342,1,Low,5
5343,2,High,4
5344,3,Medium,2
5345,2,Critical,5
5346,5,Low,3
5347,5,Medium,5
5348,4,High,2
5349,1,Low,5
5350,4,Low,3
5351,5,Low,4
5352,1,Critical,5
5353,6,High,3
5354,3,Medium,3
5355,5,Low,2
5356,6,Low,2
5357,4,Medium,4
5358,6,Critical,2
5359,4,Medium,3
5360,5,Medium,2
5361,2,Medium,5
5362,3,Critical,1
5363,6,Medium,4
5364,6,Critical,2
5365,5,Low,5
5366,5,High,4
5367,4,Medium,2
5368,1,Medium,5
5369,1,Medium,3
5370,1,Low,2
5371,4,Low,4
5372,1,Critical,5
5373,5,Low,5
5374,2,Critical,2
5375,2,Medium,1
5376,2,Medium,3
5377,1,Critical,5
5378,2,High,2
5379,6,Medium,3
5380,1,Low,5
5381,6,High,2
5382,5,High,1
5383,6,High,3
5384,5,High,3
5385,4,Low,4
5386,4,High,4
5387,6,Low,5
5388,3,Low,2
5389,5,Low,4
5390,1,Low,5
5391,3,Medium,1
5392,5,Low,5
5393,1,Low,5
5394,5,Low,5
5395,5,Medium,4
5396,1,Medium,5
5397,5,Medium,4
5398,5,High,1
5399,5,Medium,2
5400,4,Medium,5
5401,2,Critical,1
5402,5,Low,1
5403,1,Medium,4
5404,6,Medium,5
5405,5,High,2
5406,4,High,5
5407,4,Low,4
5408,6,High,5
5409,5,High,1
5410,3,Low,2
5411,6,Low,5
5412,2,High,2
5413,1,Low,5
5414,1,Low,5
5415,1,Low,5
5416,1,Low,5
5417,4,Low,5
5418,2,Medium,2
5419,5,Low,4
5420,5,Critical,3
5421,3,Low,1
5422,5,Medium,5
5423,2,Critical,1
5424,5,High,4
5425,4,Medium,3
5426,6,Medium,1
5427,5,Medium,5
5428,1,Critical,5
5429,1,Low,5
5430,6,Medium,5
5431,1,High,5
5432,1,Medium,5
5433,4,High,2
5434,4,Medium,3
5435,4,Low,5
5436,5,Medium,3
5437,6,Medium,2
5438,1,High,5
5439,3,High,5
5440,6,High,5
5441,3,Low,3
5442,1,Medium,5
5443,2,Medium,2
5444,6,Medium,3
5445,5,Medium,4
5446,3,High,5
5447,6,Medium,5
5448,6,Medium,5
5449,4,High,2
5450,2,Low,1
5451,4,Medium,4
5452,2,Medium,2
5453,2,Critical,2
5454,5,Low,1
5455,6,Medium,3
5456,4,Critical,2
5457,4,High,1
5458,3,High,2
5459,6,Medium,4
5460,1,High,5
5461,1,Medium,5
5462,3,Medium,1
5463,2,Low,2
5464,3,High,5
5465,3,Medium,1
5466,4,Medium,5
5467,3,Medium,1
5468,2,Low,1
5469,1,Low,5
5470,5,Medium,3
5471,6,High,5
5472,3,Low,1
5473,6,High,2
5474,3,Medium,2
5475,6,Medium,5
5476,4,Medium,4
5477,4,High,5
5478,6,Low,1
5479,3,Medium,1
5480,3,Medium,4
5481,2,Critical,3
5482,1,Low,5
5483,1,Medium,5
5484,5,Critical,2
5485,1,High,5
5486,5,Low,5
5487,4,Medium,5
5488,5,Low,4
5489,5,High,4
5490,1,Medium,1
5491,3,High,1
5492,4,Critical,2
5493,2,Critical,1
5494,5,High,4
5495,5,Low,5
5496,6,Low,1
5497,5,Medium,5
5498,3,Medium,2
5499,2,Low,1
5500,6,Medium,2
5501,1,Critical,5
5502,4,High,5
5503,3,Low,2
5504,2,Medium,1
5505,4,Medium,4
5506,1,High,5
5507,4,Medium,3
5508,6,Critical,4
5509,5,High,5
5510,5,Critical,3
5511,3,High,1
5512,4,High,4
5513,5,High,3
5514,3,Low,4
5515,3,Low,1
5516,6,High,3
5517,3,Low,1
5518,1,Medium,5
5519,5,High,4
5520,5,High,5
5521,2,Low,1
5522,1,Medium,5
5523,5,Medium,4
5524,6,Medium,5
5525,5,Critical,5
5526,2,Medium,1
5527,4,Critical,4
5528,4,Low,5
5529,1,Medium,5
5530,3,High,2
5531,2,Medium,1
5532,2,Low,2
5533,5,Critical,1
5534,6,High,5
5535,5,Medium,5
5536,6,Medium,4
5537,2,Low,1
5538,3,Critical,2
5539,4,High,4
5540,1,Low,5
5541,6,Low,5
5542,4,High,5
5543,1,Low,5
5544,3,Critical,1
5545,2,Critical,1
5546,3,High,2
5547,6,High,5
5548,2,Medium,3
5549,5,Low,5
5550,1,High,5
5551,5,Medium,5
5552,2,Medium,2
5553,1,Low,5
5554,1,Low,5
5555,5,Medium,5
5556,1,High,1
5557,2,Medium,3
5558,6,Medium,4
5559,6,Medium,4
5560,2,Low,1
5561,5,High,5
5562,3,Medium,2
5563,2,Low,2
5564,6,Low,4
5565,2,Critical,3
5566,1,Medium,5
5567,1,Low,5
5568,2,Medium,1
5569,5,Low,4
5570,3,Low,1
5571,1,High,5
5572,6,Low,5
5573,1,High,5
5574,6,Medium,2
5575,3,Low,5
5576,1,High,5
5577,5,Medium,3
5578,6,High,3
5579,1,High,5
5580,1,Critical,5
5581,2,Low,1
5582,5,Low,4
5583,5,Medium,4
5584,2,Low,1
5585,6,Medium,3
5586,4,Low,5
5587,3,Medium,1
5588,5,Low,5
5589,4,High,5
5590,6,High,2
5591,3,Low,2
5592,5,High,2
5593,1,Medium,5
5594,5,Medium,4
5595,3,Low,2
5596,4,High,4
5597,1,Medium,5
5598,3,Low,2
5599,6,Critical,1
5600,3,Low,3
5601,5,Critical,5
5602,6,Medium,5
5603,2,High,2
5604,2,Medium,1
5605,1,High,5
5606,3,Critical,1
5607,4,High,4
5608,1,Medium,5
5609,6,High,4
5610,1,High,1
5611,5,Low,4
5612,6,Critical,5
5613,4,Medium,4
5614,3,Low,1
5615,6,Medium,1
5616,3,Medium,1
5617,3,Medium,5
5618,1,Medium,5
5619,5,Low,2
5620,1,Medium,5
5621,2,Critical,4
5622,2,Medium,2
5623,3,Medium,2
5624,5,Low,3
5625,6,Low,3
5626,3,Medium,3
5627,6,Low,5
5628,3,High,1
5629,1,Medium,5
5630,3,Medium,1
5631,3,Medium,3
5632,5,Critical,5
5633,5,Low,4
5634,6,Medium,3
5635,5,Critical,2
5636,3,Critical,2
5637,5,Medium,5
5638,5,Medium,1
5639,4,Low,5
5640,4,Low,3
5641,2,Medium,1
5642,1,Low,5
5643,1,High,4
5644,5,Medium,3
5645,2,Low,1
5646,2,Low,2
5647,6,Medium,4
5648,4,Low,5
5649,2,High,2
5650,3,Critical,2
5651,6,Critical,2
5652,5,High,4
5653,3,High,2
5654,1,Medium,5
5655,4,Medium,4
5656,3,High,1
5657,5,Low,1
5658,3,Low,1
5659,3,High,1
5660,2,Critical,2
5661,4,Medium,5
5662,1,Medium,4
5663,5,Medium,5
5664,6,Medium,3
5665,6,Medium,4
5666,5,Critical,5
5667,1,Medium,4
5668,5,Low,3
5669,2,High,1
5670,6,Medium,5
5671,6,High,4
5672,3,Medium,1
5673,2,High,1
5674,6,Low,4
5675,2,Low,1
5676,2,Medium,1
5677,1,Medium,5
5678,6,Low,5
5679,4,Medium,3
5680,1,Critical,5
5681,1,Low,5
5682,2,High,1
5683,4,High,5
5684,1,High,5
5685,4,Critical,4
5686,6,Medium,4
5687,2,Medium,5
5688,1,Medium,5
5689,4,Medium,3
5690,5,Low,5
5691,1,Medium,5
5692,1,Low,5
5693,1,High,5
5694,4,Critical,4
5695,3,High,2
5696,6,Low,3
5697,1,Low,5
5698,5,High,3
5699,5,Medium,5
5700,2,High,1
5701,3,High,2
5702,3,Medium,2
5703,4,Low,5
5704,2,Low,1
5705,4,Low,4
5706,2,Medium,1
5707,6,Critical,1
5708,3,Low,1
5709,6,Low,1
5710,4,Medium,1
5711,2,Medium,1
5712,3,High,1
5713,3,Low,2
5714,1,Critical,5
5715,4,Critical,4
5716,1,High,5
5717,3,Low,1
5718,4,Medium,5
5719,4,High,5
5720,6,High,3
5721,5,High,1
5722,2,Medium,1
5723,5,Medium,4
5724,5,Critical,4
5725,3,Low,1
5726,6,Low,3
5727,2,Low,2
5728,5,High,5
5729,5,Low,3
5730,4,Medium,3
5731,3,Medium,1
5732,5,Low,3
5733,2,High,1
5734,1,Low,5
5735,1,Medium,5
5736,3,Medium,1
5737,1,Medium,5
5738,4,Low,4
5739,4,Critical,3
5740,2,Critical,1
5741,6,Medium,3
5742,3,Medium,1
5743,3,Medium,2
5744,1,High,5
5745,5,Medium,4
5746,5,Low,5
5747,6,High,2
5748,5,Medium,4
5749,6,Medium,1
5750,2,Medium,1
5751,3,Low,2
5752,1,Critical,5
5753,2,High,2
5754,4,Low,3
5755,4,Medium,5
5756,4,Medium,4
5757,6,Low,4
5758,6,Medium,4
5759,3,Medium,1
5760,4,Low,4
5761,6,Medium,4
5762,6,Low,5
5763,5,Medium,3
5764,6,Medium,5
5765,4,Low,4
5766,2,Medium,2
5767,4,Medium,5
5768,5,Medium,4
5769,4,Medium,4
5770,1,Medium,4
5771,5,Medium,4
5772,3,Medium,1
5773,4,High,4
5774,6,Low,5
5775,2,Critical,2
5776,4,High,3
5777,2,Medium,2
5778,1,High,5
5779,3,Medium,3
5780,6,Low,4
5781,5,High,5
5782,5,Critical,5
5783,3,Low,2
5784,1,Medium,4
5785,1,High,5
5786,4,Critical,2
5787,1,Low,5
5788,4,Low,4
5789,2,Low,2
5790,3,Medium,1
5791,2,Critical,3
5792,2,Medium,2
5793,2,Critical,1
5794,2,High,3
5795,5,Medium,5
5796,1,Low,4
5797,3,Medium,1
5798,3,Low,2
5799,6,Medium,4
5800,2,Low,2
5801,3,Low,1
5802,4,Medium,2
5803,3,Medium,1
5804,2,Low,1
5805,3,High,1
5806,1,Medium,5
5807,2,Medium,1
5808,5,High,4
5809,1,High,4
5810,3,Critical,3
5811,5,Low,5
5812,6,Low,4
5813,1,Low,5
5814,6,Medium,2
5815,4,Medium,2
5816,1,Medium,4
5817,5,Low,3
5818,6,Medium,4
5819,4,Medium,4
5820,6,Low,4
5821,3,Medium,1
5822,2,High,4
5823,6,High,4
5824,3,Low,4
5825,2,High,3
5826,2,Low,3
5827,5,Medium,4
5828,4,Low,5
5829,4,Critical,4
5830,1,Low,5
5831,3,Low,1
5832,5,Critical,5
5833,6,Medium,3
5834,3,High,3
5835,6,Low,2
5836,6,Medium,5
5837,6,Critical,1
5838,1,Medium,5
5839,1,High,5
5840,5,Critical,4
5841,1,Medium,5
5842,5,Medium,3
5843,1,Medium,5
5844,4,Low,4
5845,5,Medium,2
5846,4,Critical,1
5847,4,Medium,2
5848,5,Critical,5
5849,3,High,1
5850,2,Critical,1
5851,1,Critical,5
5852,6,High,2
5853,1,High,5
5854,6,High,1
5855,3,High,2
5856,2,High,1
5857,3,High,1
5858,2,Medium,1
5859,5,Medium,4
5860,5,Low,5
5861,6,Low,3
5862,4,Medium,3
5863,4,High,4
5864,6,Medium,5
5865,5,Low,3
5866,6,High,4
5867,4,Critical,1
5868,6,High,4
5869,5,High,5
5870,3,Low,2
5871,1,Medium,5
5872,5,Medium,5
5873,6,Low,4
5874,5,Low,3
5875,5,Critical,5
5876,4,High,5
5877,6,Low,3
5878,4,Medium,3
5879,6,Medium,2
5880,4,Low,4
5881,4,High,4
5882,3,Low,2
5883,5,High,3
5884,3,High,2
5885,4,Medium,4
5886,3,High,1
5887,5,Low,3
5888,5,Medium,4
5889,4,Medium,5
5890,5,Medium,5
5891,3,Low,3
5892,2,Medium,5
5893,5,Medium,4
5894,3,Medium,1
5895,3,High,1
5896,3,Medium,1
5897,5,High,4
5898,2,Low,1
5899,4,High,3
5900,4,Medium,4
5901,5,Low,2
5902,5,Medium,3
5903,1,Medium,5
5904,6,Low,5
5905,2,High,3
5906,3,Critical,3
5907,6,Medium,4
5908,3,Medium,1
5909,6,Low,2
5910,4,Critical,5
5911,6,Medium,5
5912,5,Low,1
5913,2,Medium,3
5914,4,Low,3
5915,6,Low,5
5916,2,Low,2
5917,5,Low,3
5918,3,Low,2
5919,1,High,5
5920,2,Critical,5
5921,3,Medium,1
5922,2,Medium,1
5923,2,Medium,1
5924,2,Medium,2
5925,5,Medium,3
5926,4,Medium,3
5927,2,Medium,1
5928,5,Medium,2
5929,1,Medium,5
5930,4,Medium,5
5931,5,High,3
5932,1,High,5
5933,4,Critical,4
5934,5,High,4
5935,1,Low,5
5936,5,High,5
5937,1,Medium,5
5938,2,Medium,1
5939,2,Medium,1
5940,4,Low,3
5941,1,Critical,5
5942,2,High,2
5943,4,Medium,3
5944,3,Low,3
5945,2,High,3
5946,2,Medium,1
5947,6,Medium,5
5948,5,Medium,3
5949,3,High,2
5950,1,Low,5
5951,4,High,4
5952,3,High,2
5953,1,Medium,5
5954,2,Medium,2
5955,6,Low,5
5956,4,Low,5
5957,4,Low,4
5958,3,Low,1
5959,5,Medium,1
5960,1,Low,5
5961,6,Medium,5
5962,6,Medium,5
5963,3,Medium,2
5964,5,High,4
5965,5,Medium,3
5966,5,Low,2
5967,4,Low,4
5968,1,High,5
5969,1,Medium,5
5970,3,Critical,3
5971,2,High,1
5972,3,Low,1
5973,1,Medium,5
5974,4,Medium,4
5975,3,Low,1
5976,2,Low,3
5977,6,Medium,5
5978,3,Critical,2
5979,5,Medium,5
5980,2,Medium,1
5981,5,Low,3
5982,4,Medium,5
5983,1,High,5
5984,3,Medium,1
5985,3,High,1
5986,5,Medium,5
5987,5,High,2
5988,1,Low,5
5989,3,High,1
5990,1,High,5
5991,5,High,3
5992,6,Low,5
5993,5,Medium,2
5994,2,Medium,5
5995,5,Critical,4
5996,5,Medium,4
5997,6,High,2
5998,1,Medium,5
5999,2,Medium,3
6000,2,Low,1
6001,3,Low,1
6002,6,Low,1
6003,4,Low,5
6004,3,Low,1
6005,3,High,2
6006,3,Medium,4
6007,2,High,1
6008,1,Medium,3
6009,5,High,3
6010,2,Medium,5
6011,5,Low,3
6012,5,Medium,3
6013,4,Medium,2
6014,3,Medium,1
6015,4,High,1
6016,3,High,1
6017,2,Medium,1
6018,5,High,3
6019,4,Medium,5
6020,6,Low,3
6021,2,Medium,2
6022,2,High,1
6023,6,Medium,5
6024,3,Critical,2
6025,5,Low,2
6026,3,High,3
6027,3,High,1
6028,2,High,5
6029,3,Medium,1
6030,1,Medium,5
6031,6,Medium,5
6032,6,Medium,4
6033,5,High,3
6034,6,Low,4
6035,3,Medium,3
6036,3,Low,2
6037,4,Medium,5
6038,5,High,4
6039,5,Low,5
6040,6,High,4
6041,3,Low,1
6042,1,Medium,5
6043,4,Medium,4
6044,1,Low,4
6045,3,Low,2
6046,5,High,1
6047,5,Medium,4
6048,1,Low,2
6049,2,High,1
6050,3,Low,2
6051,5,High,4
6052,6,Medium,5
6053,2,Low,3
6054,5,Low,3
6055,6,Medium,2
6056,5,Low,5
6057,2,Low,2
6058,1,High,5
6059,3,Medium,1
6060,2,Medium,3
6061,2,Medium,2
6062,5,Medium,1
6063,6,Medium,4
6064,2,Medium,5
6065,3,Critical,2
6066,1,Medium,5
6067,6,Medium,4
6068,1,Low,4
6069,1,Low,4
6070,3,Low,1
6071,5,Medium,3
6072,6,Medium,4
6073,6,Low,3
6074,3,High,5
6075,6,Medium,5
6076,2,Critical,2
6077,4,Medium,4
6078,4,High,4
6079,4,High,2
6080,1,High,5
6081,6,Medium,5
6082,3,Medium,2
6083,6,Medium,4
6084,3,Medium,1
6085,6,Low,5
6086,1,Medium,5
6087,2,Low,1
6088,4,Low,3
6089,4,Low,4
6090,6,Medium,4
6091,1,Low,5
6092,4,Medium,5
6093,6,High,5
6094,5,Medium,3
6095,6,Critical,5
6096,3,Low,5
6097,4,High,4
6098,4,Low,4
6099,5,Critical,4
6100,2,Low,1
6101,6,High,2
6102,2,Low,3
6103,6,Medium,5
6104,5,Low,3
6105,2,Medium,2
6106,1,Medium,2
6107,5,Critical,4
6108,6,Medium,5
6109,3,Medium,2
6110,3,Low,1
6111,3,Medium,2
6112,6,Low,1
6113,4,High,5
6114,5,Low,2
6115,5,Medium,1
6116,2,Medium,4
6117,5,Medium,3
6118,5,Medium,3
6119,2,Low,1
6120,5,Low,1
6121,5,Critical,4
6122,1,Medium,5
6123,6,High,4
6124,2,Medium,2
6125,1,Medium,5
6126,4,Low,3
6127,2,Medium,2
6128,6,Medium,5
6129,5,Medium,5
6130,5,Critical,4
6131,1,Low,5
6132,1,High,5
6133,4,Medium,5
6134,4,Low,2
6135,6,Low,4
6136,5,Medium,3
6137,3,Medium,1
6138,4,Low,5
6139,5,Medium,3
6140,4,Low,3
6141,2,Medium,1
6142,1,Low,5
6143,5,High,1
6144,4,Low,4
6145,1,Critical,5
6146,3,Low,1
6147,4,Medium,3
6148,5,Low,3
6149,2,Low,1
6150,1,High,5
6151,1,Medium,5
6152,2,Low,1
6153,5,Low,4
6154,6,Low,5
6155,3,Critical,1
6156,6,High,3
6157,2,Medium,2
6158,3,Medium,3
6159,5,High,4
6160,4,Medium,1
6161,4,High,1
6162,6,Medium,5
6163,5,Low,4
6164,3,High,2
6165,6,Medium,3
6166,2,Medium,4
6167,6,Low,3
6168,5,Medium,4
6169,5,Medium,4
6170,4,Medium,4
6171,2,Medium,3
6172,4,Medium,1
6173,3,Medium,1
6174,3,Critical,2
6175,1,High,5
6176,5,Medium,4
6177,2,Medium,3
6178,2,Medium,2
6179,4,High,4
6180,6,Medium,4
6181,6,High,4
6182,4,Low,4
6183,6,Low,5
6184,2,Low,1
6185,4,Medium,3
6186,6,Medium,3
6187,1,Low,5
6188,5,Medium,3
6189,1,Low,3
6190,6,Low,2
6191,3,Medium,1
6192,2,High,1
6193,1,Medium,5
6194,1,High,5
6195,4,Medium,2
6196,4,Low,3
6197,4,Low,4
6198,6,Critical,3
6199,3,Medium,2
6200,1,Medium,2
6201,5,Critical,2
6202,4,Low,3
6203,3,Medium,2
6204,6,Medium,4
6205,3,High,1
6206,4,Medium,5
6207,2,High,1
6208,1,Medium,1
6209,4,High,5
6210,5,Medium,5
6211,1,Low,5
6212,3,Medium,1
6213,5,High,1
6214,1,Medium,5
6215,5,Low,1
6216,3,Low,1
6217,4,Low,1
6218,5,Critical,4
6219,4,Low,3
6220,3,Medium,1
6221,3,Medium,2
6222,5,High,3
6223,5,High,5
6224,3,Critical,1
6225,5,Medium,1
6226,5,High,4
6227,5,Low,1
6228,6,Medium,3
6229,5,High,4
6230,1,Medium,5
6231,3,High,5
6232,3,Medium,2
6233,2,Medium,1
6234,4,Medium,3
6235,2,Medium,1
6236,5,Low,2
6237,5,Low,5
6238,1,High,5
6239,1,Critical,5
6240,1,Low,5
6241,1,Medium,5
6242,1,Medium,5
6243,1,Medium,5
6244,1,Medium,5
6245,1,Medium,5
6246,6,Medium,4
6247,1,High,3
6248,3,Medium,1
6249,1,Medium,5
6250,4,Medium,4
6251,1,Medium,5
6252,6,Medium,5
6253,5,Medium,3
6254,6,Medium,2
6255,6,Medium,4
6256,5,Medium,3
6257,1,Medium,5
6258,1,High,5
6259,5,Medium,3
6260,4,Medium,4
6261,2,High,1
6262,3,Low,2
6263,5,Low,2
6264,1,Medium,5
6265,3,Low,1
6266,1,Medium,5
6267,2,Low,1
6268,2,High,1
6269,5,Medium,2
6270,3,Medium,2
6271,6,Medium,4
6272,3,Medium,3
6273,6,Low,5
6274,2,High,2
6275,1,Low,5
6276,6,Low,5
6277,6,Low,5
6278,5,Low,1
6279,4,High,4
6280,2,Medium,1
6281,6,Medium,4
6282,2,Critical,1
6283,5,Low,5
6284,1,Medium,5
6285,3,High,1
6286,2,High,4
6287,5,Low,4
6288,5,Medium,5
6289,5,Low,5
6290,3,Medium,2
6291,2,Medium,1
6292,6,High,4
6293,5,Low,3
6294,3,Low,2
6295,1,Low,5
6296,4,Low,2
6297,2,Low,1
6298,3,Critical,1
6299,4,Medium,3
6300,4,Low,4
6301,3,Medium,2
6302,6,High,3
6303,6,High,4
6304,3,High,1
6305,3,Low,2
6306,5,High,2
6307,1,Medium,5
6308,6,Medium,4
6309,5,Critical,4
6310,4,High,5
6311,4,High,5
6312,4,Low,5
6313,3,Medium,2
6314,2,Critical,2
6315,5,Medium,1
6316,2,Low,1
6317,1,High,3
6318,1,Low,5
6319,5,High,5
6320,4,High,5
6321,6,Medium,3
6322,1,Medium,4
6323,2,Medium,2
6324,2,High,2
6325,6,Medium,5
6326,3,Medium,1
6327,4,Medium,5
6328,3,Medium,1
6329,5,Medium,3
6330,1,High,4
6331,6,Critical,5
6332,6,Low,3
6333,6,Low,5
6334,3,Medium,1
6335,3,Medium,1
6336,5,Medium,5
6337,2,Critical,1
6338,2,Low,1
6339,5,Low,4
6340,6,Low,4
6341,2,High,2
6342,5,Low,4
6343,2,Medium,5
6344,5,Medium,2
6345,2,Medium,4
6346,6,Low,4
6347,3,Medium,2
6348,3,Medium,1
6349,6,Critical,3
6350,2,High,1
6351,6,Medium,5
6352,5,Critical,5
6353,3,Low,1
6354,1,High,5
6355,2,Medium,5
6356,1,Medium,5
6357,1,Low,4
6358,4,Medium,4
6359,1,Low,5
6360,1,Medium,5
6361,6,Low,4
6362,4,High,4
6363,4,Medium,3
6364,4,High,4
6365,5,High,4
6366,4,Low,4
6367,6,Low,5
6368,5,Medium,4
6369,2,Critical,1
6370,5,Medium,2
6371,2,High,2
6372,4,High,5
6373,4,Critical,4
6374,2,Medium,1
6375,3,Medium,1
6376,6,High,3
6377,5,High,3
6378,6,Medium,3
6379,6,Medium,1
6380,1,Medium,5
6381,4,Medium,3
6382,5,High,3
6383,6,Medium,3
6384,5,Low,2
6385,6,Low,3
6386,4,High,5
6387,6,Medium,1
6388,2,Medium,2
6389,4,Low,5
6390,5,Medium,3
6391,3,Low,1
6392,6,Medium,2
6393,2,Medium,5
6394,4,Medium,5
6395,1,Critical,4
6396,4,Low,3
6397,5,Low,3
6398,5,Low,4
6399,1,Low,5
6400,2,Low,1
6401,5,High,5
6402,2,Medium,2
6403,2,Critical,3
6404,4,Low,1
6405,2,Medium,1
6406,6,Critical,5
6407,5,Low,2
6408,5,Medium,4
6409,3,High,4
6410,2,Medium,2
6411,3,Medium,2
6412,4,Medium,5
6413,3,High,1
6414,2,Medium,1
6415,5,Low,5
6416,4,Critical,3
6417,2,Medium,1
6418,4,Medium,4
6419,1,High,5
6420,2,Medium,1
6421,1,Low,5
6422,3,Medium,3
6423,2,High,1
6424,1,Medium,5
6425,6,Critical,4
6426,5,Low,4
6427,3,Low,2
6428,2,Medium,1
6429,2,Medium,1
6430,5,Low,4
6431,5,High,5
6432,1,Low,5
6433,1,Low,5
6434,1,Critical,5
6435,4,Medium,5
6436,3,Critical,1
6437,2,Low,2
6438,3,Low,2
6439,5,High,2
6440,6,High,4
6441,3,Medium,2
6442,3,Low,2
6443,1,Medium,2
6444,5,Low,1
6445,3,High,5
6446,2,Low,3
6447,1,High,5
6448,3,Medium,1
6449,5,Medium,3
6450,6,High,5
6451,2,Low,1
6452,6,High,3
6453,5,Low,3
6454,5,Medium,3
6455,5,Medium,4
6456,6,High,4
6457,4,Low,1
6458,2,Medium,2
6459,5,Medium,4
6460,4,Medium,4
6461,1,Low,3
6462,4,Medium,4
6463,1,Low,5
6464,6,Medium,4
6465,4,High,4
6466,6,High,5
6467,5,Medium,4
6468,4,Medium,4
6469,4,Low,5
6470,5,Medium,5
6471,1,Critical,4
6472,5,Medium,3
6473,2,Medium,1
6474,4,High,4
6475,2,Medium,1
6476,5,Medium,3
6477,6,Low,4
6478,5,Medium,1
6479,3,Low,2
6480,2,Medium,4
6481,3,Medium,1
6482,2,High,3
6483,6,Low,3
6484,3,Medium,1
6485,3,Medium,1
6486,2,Low,2
6487,5,Medium,5
6488,1,Low,5
6489,5,Low,3
6490,1,Low,5
6491,2,Medium,1
6492,4,Critical,1
6493,5,Low,5
6494,3,High,1
6495,5,Medium,4
6496,2,Medium,5
6497,4,Medium,3
6498,4,Critical,4
6499,5,High,4
6500,5,Critical,4
6501,6,High,5
6502,5,Low,3
6503,2,Critical,1
6504,1,Critical,5
6505,6,Low,4
6506,1,Critical,5
6507,3,Medium,5
6508,2,Critical,1
6509,6,Critical,5
6510,4,High,2
6511,6,High,5
6512,3,Low,1
6513,4,Low,4
6514,6,Low,5
6515,4,Low,1
6516,5,Medium,5
6517,4,Medium,5
6518,6,Medium,2
6519,4,High,5
6520,2,High,4
6521,5,Medium,4
6522,5,Medium,5
6523,3,Low,1
6524,5,Low,5
6525,1,Medium,5
6526,2,High,1
6527,3,Medium,2
6528,1,High,5
6529,4,Medium,4
6530,1,Low,5
6531,3,High,2
6532,5,Low,5
6533,2,Medium,1
6534,3,High,3
6535,1,Low,5
6536,1,Medium,5
6537,3,Medium,1
6538,6,High,4
6539,6,Low,3
6540,3,High,1
6541,6,Low,4
6542,3,Medium,1
6543,5,Medium,1
6544,3,Low,1
6545,4,Medium,3
6546,2,Low,1
6547,2,Medium,2
6548,4,Low,4
6549,1,High,5
6550,1,Low,5
6551,1,High,5
6552,1,High,5
6553,5,Medium,5
6554,4,Medium,5
6555,2,Medium,1
6556,4,Critical,5
6557,2,Medium,2
6558,1,Critical,5
6559,5,Medium,5
6560,3,High,2
6561,3,Medium,2
6562,6,High,1
6563,1,Low,4
6564,1,Medium,5
6565,4,Medium,5
6566,5,Medium,3
6567,5,Medium,3
6568,4,Medium,3
6569,5,Low,5
6570,5,Medium,3
6571,3,Medium,2
6572,5,Medium,4
6573,1,High,5
6574,3,Low,1
6575,1,Low,5
6576,1,Medium,5
6577,4,High,5
6578,6,Medium,2
6579,5,High,2
6580,5,Medium,5
6581,5,High,5
6582,5,Medium,3
6583,3,High,1
6584,2,Medium,1
6585,1,Medium,5
6586,6,Low,1
6587,6,Critical,4
6588,2,High,1
6589,2,High,2
6590,2,Low,2
6591,3,Low,3
6592,2,Medium,1
6593,3,Medium,2
6594,4,High,4
6595,4,Medium,3
6596,6,Low,5
6597,4,Medium,2
6598,3,High,2
6599,3,Medium,3
6600,1,Critical,5
6601,2,Low,2
6602,5,High,1
6603,5,Medium,1
6604,2,Low,4
6605,5,High,5
6606,5,Medium,4
6607,5,Medium,5
6608,6,Medium,4
6609,3,Low,1
6610,3,High,2
6611,3,Medium,2
6612,2,High,2
6613,4,Medium,3
6614,6,Low,5
6615,6,Medium,2
6616,5,Critical,5
6617,1,Critical,5
6618,3,Medium,1
6619,6,Low,2
6620,6,High,1
6621,1,High,5
6622,5,High,5
6623,6,Low,3
6624,6,Low,4
6625,4,Medium,4
6626,1,Low,5
6627,5,High,3
6628,5,Medium,5
6629,3,High,1
6630,4,Low,5
6631,5,Medium,1
6632,4,Medium,5
6633,3,Medium,2
6634,1,Medium,5
6635,6,Medium,4
6636,6,High,1
6637,2,Low,1
6638,2,High,3
6639,2,Critical,4
6640,6,High,3
6641,4,High,5
6642,2,Low,3
6643,1,Medium,4
6644,5,High,1
6645,4,Medium,2
6646,6,Medium,4
6647,1,Critical,5
6648,6,Medium,4
6649,4,Critical,4
6650,4,Medium,3
6651,4,High,3
6652,3,High,2
6653,5,Medium,2
6654,2,Low,1
6655,3,Low,1
6656,5,Medium,4
6657,6,Critical,5
6658,2,Medium,1
6659,3,Low,4
6660,3,Medium,2
6661,1,Medium,5
6662,3,Medium,1
6663,4,Critical,3
6664,6,Medium,4
6665,3,Medium,2
6666,4,Medium,5
6667,5,High,4
6668,5,Medium,3
6669,4,Medium,4
6670,1,Medium,5
6671,1,High,2
6672,5,Low,5
6673,6,Low,5
6674,3,Low,2
6675,5,Critical,3
6676,5,Low,5
6677,4,High,3
6678,1,Medium,5
6679,6,Medium,1
6680,4,High,3
6681,5,Medium,5
6682,2,Medium,1
6683,3,Low,2
6684,5,Medium,3
6685,4,Critical,2
6686,2,Critical,4
6687,2,High,1
6688,5,Critical,2
6689,6,Critical,4
6690,1,High,5
6691,2,Medium,2
6692,3,Medium,1
6693,4,Critical,5
6694,4,Medium,2
6695,4,High,4
6696,5,Low,1
6697,4,Low,5
6698,4,Medium,4
6699,3,Low,1
6700,1,Critical,5
6701,6,Low,1
6702,5,Medium,4
6703,5,Low,4
6704,4,Low,4
6705,3,Low,2
6706,2,Critical,2
6707,4,High,3
6708,4,Medium,3
6709,5,Critical,5
6710,5,Critical,1
6711,4,Medium,2
6712,5,Medium,4
6713,3,Medium,2
6714,2,Low,2
6715,2,Low,3
6716,2,Medium,1
6717,4,Low,3
6718,6,High,5
6719,4,High,5
6720,4,Low,3
6721,3,High,3
6722,2,High,2
6723,5,Medium,4
6724,5,Medium,3
6725,1,Low,4
6726,1,Low,5
6727,6,Medium,5
6728,5,Medium,2
6729,2,Low,1
6730,4,Medium,5
6731,5,Critical,3
6732,6,High,4
6733,6,High,4
6734,5,High,2
6735,1,High,5
6736,2,Low,1
6737,5,Critical,4
6738,4,High,5
6739,4,Low,4
6740,3,Medium,1
6741,4,Medium,2
6742,5,Low,3
6743,5,Low,4
6744,4,Low,5
6745,1,High,5
6746,2,Low,2
6747,6,Medium,5
6748,5,Low,3
6749,4,High,4
6750,6,Critical,1
6751,4,Medium,4
6752,5,Low,2
6753,3,Medium,2
6754,2,High,2
6755,5,High,3
6756,6,High,2
6757,4,Low,3
6758,3,Low,2
6759,5,Low,5
6760,2,Critical,1
6761,3,Medium,1
6762,6,High,3
6763,4,High,5
6764,1,High,5
6765,2,Low,1
6766,3,Low,1
6767,5,Critical,4
6768,5,Critical,4
6769,3,Medium,2
6770,5,High,4
6771,3,Low,1
6772,2,Low,3
6773,5,Medium,4
6774,2,High,1
6775,4,Medium,2
6776,4,Medium,5
6777,4,Low,4
6778,4,Medium,4
6779,5,Critical,4
6780,3,Low,1
6781,5,High,5
6782,6,High,4
6783,5,High,5
6784,2,Critical,1
6785,3,Medium,1
6786,1,Medium,5
6787,1,Low,5
6788,3,Medium,2
6789,1,Medium,4
6790,3,Low,2
6791,2,Critical,3
6792,2,High,2
6793,5,Low,4
6794,1,Low,5
6795,3,Low,1
6796,2,Medium,1
6797,5,High,5
6798,1,Medium,4
6799,1,Low,4
6800,1,Low,5
6801,2,Medium,2
6802,2,Medium,1
6803,1,Low,5
6804,2,Low,2
6805,1,Low,5
6806,4,Medium,3
6807,2,Medium,2
6808,3,High,2
6809,2,Medium,1
6810,1,Medium,3
6811,3,Low,3
6812,5,Low,4
6813,3,Medium,1
6814,3,Low,1
6815,2,Medium,2
6816,6,Low,5
6817,3,Low,1
6818,3,Low,1
6819,1,High,5
6820,2,Medium,1
6821,1,Low,5
6822,2,Low,1
6823,5,Medium,2
6824,6,High,4
6825,3,Low,1
6826,2,High,2
6827,3,Medium,1
6828,3,Medium,1
6829,4,Medium,5
6830,1,High,5
6831,6,Medium,3
6832,2,Low,1
6833,5,Medium,3
6834,6,Low,1
6835,4,Critical,5
6836,1,Low,5
6837,5,Medium,4
6838,5,Low,4
6839,3,Low,2
6840,1,Medium,5
6841,4,Medium,4
6842,2,Medium,2
6843,2,Low,1
6844,4,High,5
6845,3,Low,2
6846,3,Medium,1
6847,5,Medium,4
6848,1,Medium,5
6849,5,Low,4
6850,2,High,1
6851,4,Medium,3
6852,1,Low,5
6853,4,Medium,4
6854,1,Low,5
6855,6,Medium,2
6856,2,High,1
6857,2,Critical,3
6858,6,Medium,5
6859,1,Low,5
6860,3,Low,1
6861,1,Medium,5
6862,2,Medium,1
6863,4,Low,4
6864,5,High,4
6865,4,Low,2
6866,2,Medium,1
6867,4,Low,3
6868,3,High,5
6869,3,Low,1
6870,1,Low,2
6871,4,Medium,5
6872,4,High,2
6873,2,Medium,5
6874,1,Low,1
6875,1,High,5
6876,4,Low,2
6877,5,Medium,5
6878,4,Medium,4
6879,4,Medium,4
6880,4,Low,4
6881,3,High,2
6882,6,Medium,5
6883,1,Critical,1
6884,6,High,3
6885,3,Critical,3
6886,5,Medium,2
6887,2,Low,2
6888,5,High,5
6889,1,High,5
6890,2,High,1
6891,6,Medium,5
6892,5,Medium,4
6893,1,High,5
6894,5,High,5
6895,2,Low,1
6896,2,Medium,1
6897,5,Medium,5
6898,3,Low,2
6899,5,Critical,3
6900,6,Medium,1
6901,5,Medium,5
6902,5,High,4
6903,3,Low,1
6904,4,High,1
6905,2,High,1
6906,6,High,4
6907,1,Medium,5
6908,2,Low,1
6909,2,Medium,1
6910,4,Medium,3
6911,2,Medium,2
6912,2,Medium,1
6913,3,Medium,1
6914,3,Medium,1
6915,3,High,2
6916,3,High,3
6917,3,Medium,3
6918,6,High,5
6919,1,Low,5
6920,4,High,1
6921,5,Medium,3
6922,6,Medium,4
6923,3,Medium,2
6924,4,Medium,3
6925,5,Low,4
6926,2,Low,1
6927,6,Low,3
6928,2,Medium,3
6929,4,Low,1
6930,1,Low,5
6931,1,Low,5
6932,4,Low,5
6933,1,High,2
6934,1,Medium,5
6935,2,Critical,1
6936,1,Medium,5
6937,1,High,5
6938,4,Medium,4
6939,1,Medium,5
6940,6,Medium,4
6941,3,Medium,1
6942,3,Medium,1
6943,4,High,5
6944,3,High,1
6945,2,Medium,2
6946,6,Critical,4
6947,6,Critical,5
6948,4,Medium,4
6949,1,High,5
6950,3,Low,2
6951,2,Low,5
6952,4,Low,4
6953,4,High,3
6954,1,Low,5
6955,5,Low,4
6956,3,Low,2
6957,2,Medium,1
6958,4,Medium,5
6959,3,Low,2
6960,2,Medium,2
6961,6,Low,1
6962,6,Low,3
6963,2,High,1
6964,6,Critical,3
6965,4,Medium,3
6966,3,Medium,2
6967,2,Critical,3
6968,4,Medium,1
6969,3,High,1
6970,3,Medium,1
6971,4,Low,3
6972,3,Medium,2
6973,5,Medium,3
6974,2,Medium,1
6975,2,Low,1
6976,3,High,1
6977,4,Low,3
6978,1,Medium,5
6979,6,Medium,3
6980,3,Medium,5
6981,1,Low,5
6982,3,Medium,1
6983,1,Low,5
6984,3,Medium,1
6985,4,Medium,5
6986,6,Critical,4
6987,1,Critical,5
6988,5,High,4
6989,4,Critical,3
6990,6,Low,1
6991,3,Critical,1
6992,1,Low,4
6993,6,Medium,5
6994,2,Low,1
6995,4,Critical,4
6996,1,Medium,5
6997,4,Medium,5
6998,1,Critical,5
6999,2,Medium,4
7000,5,Medium,5
7001,2,Low,2
7002,3,High,2
7003,4,Critical,5
7004,5,Critical,4
7005,4,Low,5
7006,6,Low,5
7007,1,Medium,5
7008,3,Medium,1
7009,3,Medium,1
7010,4,Medium,5
7011,3,High,2
7012,4,Critical,4
7013,1,Low,4
7014,1,Low,5
7015,4,Low,3
7016,2,Medium,4
7017,2,Medium,1
7018,1,Medium,5
7019,5,Critical,4
7020,2,Medium,4
7021,4,Medium,3
7022,1,High,5
7023,3,High,2
7024,3,Medium,2
7025,2,High,1
7026,5,Medium,3
7027,6,High,3
7028,2,Medium,1
7029,5,Low,2
7030,2,High,1
7031,3,Medium,2
7032,5,Medium,4
7033,3,High,3
7034,4,Medium,3
7035,4,Medium,4
7036,1,High,1
7037,3,High,1
7038,3,High,1
7039,1,High,5
7040,4,High,4
7041,4,High,4
7042,5,Medium,3
7043,5,Low,3
7044,6,Medium,4
7045,4,Low,2
7046,6,Low,3
7047,2,Critical,3
7048,3,Medium,4
7049,5,High,5
7050,2,Medium,2
7051,5,Medium,4
7052,1,Low,4
7053,3,Critical,2
7054,6,Low,5
7055,6,Medium,1
7056,5,Low,3
7057,4,Low,1
7058,6,Low,5
7059,1,Medium,4
7060,1,High,5
7061,4,Medium,4
7062,1,Medium,4
7063,3,Critical,2
7064,5,High,3
7065,1,High,5
7066,3,Medium,3
7067,4,High,3
7068,5,Medium,2
7069,4,Low,4
7070,5,Low,4
7071,1,Low,5
7072,1,Medium,5
7073,5,High,4
7074,3,High,1
7075,3,Critical,2
7076,3,Medium,1
7077,2,High,4
7078,6,Low,4
7079,6,Medium,1
7080,6,High,5
7081,3,High,1
7082,1,Medium,5
7083,2,Medium,2
7084,3,Low,1
7085,1,High,5
7086,2,High,4
7087,1,Medium,5
7088,5,Low,3
7089,1,Medium,5
7090,2,Medium,1
7091,3,Medium,2
7092,6,Medium,4
7093,2,High,1
7094,3,Medium,1
7095,3,Low,3
7096,4,High,5
7097,5,Medium,4
7098,4,High,3
7099,6,Medium,5
7100,2,Low,4
7101,4,Low,5
7102,6,Low,4
7103,3,High,2
7104,2,Medium,1
7105,4,Critical,3
7106,1,High,4
7107,6,Medium,5
7108,6,Critical,4
7109,5,Medium,5
7110,1,Low,5
7111,2,High,1
7112,4,Low,4
7113,3,Critical,2
7114,4,Critical,4
7115,2,Critical,1
7116,2,Critical,4
7117,2,Medium,1
7118,2,Medium,1
7119,6,Low,5
7120,4,High,2
7121,1,Low,5
7122,3,High,1
7123,3,Critical,1
7124,5,Low,1
7125,6,Low,5
7126,2,Medium,1
7127,2,High,2
7128,2,High,1
7129,6,Medium,3
7130,1,High,5
7131,2,Low,1
7132,5,Medium,4
7133,5,Medium,5
7134,1,Low,5
7135,6,Medium,3
7136,2,High,1
7137,4,Critical,5
7138,4,Medium,5
7139,3,Critical,3
7140,1,Low,4
7141,4,Critical,4
7142,3,Low,1
7143,5,Medium,1
7144,3,Low,2
7145,2,High,1
7146,2,Low,2
7147,5,Low,5
7148,1,Medium,5
7149,6,Low,2
7150,2,Low,1
7151,2,Medium,2
7152,3,Low,2
7153,3,Low,5
7154,3,Low,1
7155,4,Low,2
7156,5,Medium,4
7157,1,Medium,5
7158,3,Medium,1
7159,1,Low,4
7160,3,Medium,1
7161,2,Medium,3
7162,1,Medium,5
7163,4,Medium,2
7164,3,Low,1
7165,6,Low,5
7166,5,Medium,4
7167,2,Low,2
7168,3,Medium,1
7169,1,Medium,5
7170,3,Critical,1
7171,2,Medium,2
7172,5,Medium,5
7173,5,Medium,5
7174,5,Low,1
7175,6,Medium,4
7176,2,Medium,2
7177,6,High,5
7178,6,High,5
7179,3,Low,1
7180,2,Low,1
7181,2,Medium,1
7182,3,Medium,1
7183,4,Low,5
7184,6,Medium,5
7185,5,Medium,2
7186,1,Medium,5
7187,6,Low,3
7188,1,Medium,5
7189,3,High,3
7190,1,Critical,5
7191,4,Critical,4
7192,2,Medium,1
7193,5,Medium,4
7194,1,Medium,4
7195,1,Low,5
7196,3,Low,4
7197,3,Low,3
7198,2,Medium,1
7199,5,Medium,4
7200,1,Low,4
7201,2,Medium,1
7202,5,Medium,3
7203,2,High,4
7204,1,Medium,5
7205,3,Low,2
7206,3,Low,3
7207,3,High,2
7208,4,Low,4
7209,2,Medium,1
7210,1,Medium,5
7211,2,Critical,4
7212,3,Medium,2
7213,6,Medium,4
7214,6,Medium,4
7215,2,Critical,3
7216,5,Medium,5
7217,6,Low,3
7218,6,Medium,1
7219,2,Medium,1
7220,4,Low,1
7221,4,Medium,1
7222,3,High,4
7223,1,Medium,5
7224,5,Medium,4
7225,1,Medium,5
7226,1,Medium,5
7227,5,Medium,5
7228,4,Medium,1
7229,6,Low,3
7230,3,Low,1
7231,2,Critical,1
7232,4,High,3
7233,3,Low,3
7234,6,Medium,4
7235,4,Critical,5
7236,5,Low,3
7237,1,Medium,5
7238,5,Low,5
7239,6,Medium,4
7240,2,Critical,1
7241,5,High,4
7242,6,Medium,2
7243,1,Medium,5
7244,4,Medium,1
7245,3,Low,3
7246,6,Low,3
7247,6,Critical,5
7248,2,Low,3
7249,4,Medium,1
7250,6,Medium,4
7251,6,Critical,4
7252,3,Medium,1
7253,1,Medium,5
7254,5,Medium,4
7255,4,High,5
7256,3,Medium,1
7257,3,Critical,1
7258,5,Medium,2
7259,4,Medium,2
7260,4,High,1
7261,1,High,5
7262,4,Low,4
7263,6,Low,2
7264,5,Critical,3
7265,4,Medium,5
7266,1,Medium,5
7267,3,Medium,4
7268,6,Medium,5
7269,4,High,5
7270,5,Medium,4
7271,4,Medium,1
7272,2,Low,1
7273,1,Critical,5
7274,3,High,1
7275,2,High,2
7276,5,Medium,4
7277,4,Medium,5
7278,1,High,3
7279,6,High,2
7280,4,High,4
7281,4,Medium,5
7282,4,Medium,4
7283,6,High,2
7284,4,Medium,5
7285,1,Medium,5
7286,6,Medium,4
7287,6,Medium,5
7288,2,High,1
7289,5,Low,4
7290,6,High,4
7291,2,Low,3
7292,1,Critical,3
7293,5,Medium,4
7294,6,High,4
7295,3,Medium,2
7296,2,Low,2
7297,1,Medium,5
7298,1,Critical,5
7299,1,Low,4
7300,5,Medium,5
7301,4,Medium,4
7302,3,Low,2
7303,5,Critical,5
7304,5,Medium,3
7305,6,Medium,2
7306,2,Low,1
7307,3,Low,3
7308,1,Low,5
7309,5,Medium,2
7310,3,Medium,2
7311,2,Low,2
7312,4,High,5
7313,3,Medium,1
7314,1,Low,4
7315,5,Low,4
7316,4,Low,4
7317,2,Low,4
7318,1,Medium,5
7319,4,High,4
7320,6,Critical,2
7321,6,High,1
7322,2,Medium,1
7323,1,Medium,5
7324,5,Critical,1
7325,2,Medium,1
7326,4,Medium,5
7327,1,Medium,5
7328,6,Medium,5
7329,6,Medium,4
7330,3,High,2
7331,1,Low,5
7332,4,Low,2
7333,4,Medium,5
7334,3,Low,1
7335,4,Medium,4
7336,1,Medium,4
7337,6,Medium,5
7338,2,Medium,1
7339,6,Medium,1
7340,6,Medium,1
7341,1,Medium,5
7342,4,Low,5
7343,3,Medium,2
7344,3,Medium,2
7345,5,Medium,1
7346,3,Low,1
7347,3,Medium,1
7348,4,High,3
7349,2,Low,2
7350,2,Medium,2
7351,4,Critical,2
7352,3,Medium,2
7353,1,Low,5
7354,6,Low,4
7355,6,Low,4
7356,2,Low,1
7357,4,High,1
7358,1,Low,5
7359,3,Medium,1
7360,4,Low,4
7361,2,Low,1
7362,1,Low,5
7363,1,Low,5
7364,2,Low,2
7365,1,Medium,5
7366,6,Medium,4
7367,2,Low,1
7368,6,High,5
7369,4,Low,5
7370,5,Low,2
7371,3,High,2
7372,4,Critical,1
7373,6,High,3
7374,3,Low,2
7375,3,Critical,1
7376,6,Medium,5
7377,6,Medium,3
7378,2,Critical,1
7379,5,High,3
7380,6,Medium,4
7381,3,High,5
7382,3,Medium,1
7383,4,Medium,4
7384,5,Low,2
7385,5,Critical,4
7386,3,Medium,3
7387,5,High,5
7388,4,Medium,3
7389,2,High,1
7390,3,Medium,1
7391,1,Medium,5
7392,3,High,1
7393,3,Low,1
7394,2,Medium,3
7395,6,Medium,1
7396,6,Medium,5
7397,1,Medium,5
7398,1,Low,5
7399,1,Low,5
7400,6,High,1
7401,2,Critical,1
7402,5,High,4
7403,1,Low,5
7404,5,High,4
7405,4,Medium,5
7406,2,High,1
7407,5,Medium,4
7408,6,Low,5
7409,6,Medium,2
7410,1,Medium,5
7411,1,High,5
7412,5,High,2
7413,6,Medium,1
7414,5,High,4
7415,4,Medium,4
7416,2,Low,1
7417,6,Medium,5
7418,3,Low,1
7419,6,Low,5
7420,4,Low,4
7421,6,Low,5
7422,4,Low,4
7423,6,High,4
7424,4,Low,4
7425,1,Medium,5
7426,5,Medium,4
7427,6,Low,2
7428,2,Critical,2
7429,1,Medium,5
7430,4,High,1
7431,2,Medium,2
7432,1,High,5
7433,3,Critical,1
7434,6,Medium,5
7435,6,Medium,4
7436,4,Medium,4
7437,1,Critical,5
7438,1,Low,4
7439,4,Medium,5
7440,3,Low,1
7441,6,Critical,4
7442,5,Medium,1
7443,3,High,1
7444,4,High,5
7445,5,Medium,5
7446,1,Medium,5
7447,3,Medium,1
7448,3,Medium,2
7449,6,Medium,4
7450,6,Low,5
7451,5,Medium,4
7452,1,Critical,4
7453,3,Low,1
7454,5,High,2
7455,3,Low,1
7456,6,Medium,5
7457,1,Low,5
7458,1,Medium,5
7459,2,Low,1
7460,5,Medium,5
7461,6,Medium,5
7462,6,High,4
7463,6,Medium,4
7464,4,Critical,4
7465,3,High,1
7466,1,Low,5
7467,3,Low,1
7468,3,Low,2
7469,4,Medium,4
7470,1,Medium,5
7471,2,Critical,2
7472,6,Medium,4
7473,5,High,3
7474,3,Low,1
7475,4,Low,4
7476,4,High,4
7477,5,Low,4
7478,5,High,4
7479,1,Low,5
7480,3,High,1
7481,3,High,2
7482,5,Medium,5
7483,6,High,5
7484,2,Medium,4
7485,3,Low,1
7486,4,Low,4
7487,6,Low,2
7488,5,Medium,5
7489,3,High,4
7490,1,Low,5
7491,5,Critical,5
7492,4,Critical,5
7493,1,High,5
7494,5,Critical,1
7495,5,High,2
7496,3,Medium,2
7497,1,Medium,5
7498,5,Medium,2
7499,6,Low,3
7500,4,Low,5
7501,1,Medium,5
7502,6,Low,2
7503,3,Critical,2
7504,2,Medium,1
7505,5,Medium,1
7506,2,Low,1
7507,5,Medium,3
7508,6,Medium,5
7509,3,Low,4
7510,3,Critical,1
7511,3,Low,2
7512,3,Medium,1
7513,1,Low,5
7514,1,Critical,3
7515,5,Medium,1
7516,1,Medium,5
7517,5,High,4
7518,1,Medium,5
7519,1,Low,5
7520,1,Medium,4
7521,4,Low,3
7522,3,Medium,1
7523,4,Medium,4
7524,1,High,5
7525,1,Low,5
7526,4,Low,5
7527,6,Critical,5
7528,5,Critical,5
7529,3,Critical,1
7530,5,Medium,1
7531,6,Low,5
7532,3,High,3
7533,2,Low,2
7534,3,Low,2
7535,5,Low,5
7536,3,Medium,1
7537,2,Low,1
7538,2,High,2
7539,1,Low,5
7540,2,Low,4
7541,4,Medium,4
7542,5,Medium,4
7543,4,Critical,4
7544,6,Critical,5
7545,4,Low,4
7546,5,Critical,2
7547,6,Medium,4
7548,4,Medium,2
7549,4,High,4
7550,6,Critical,4
7551,4,Low,4
7552,2,Low,1
7553,5,Medium,1
7554,5,Low,2
7555,5,Medium,3
7556,4,Medium,1
7557,2,High,1
7558,5,Medium,4
7559,3,Low,3
7560,5,High,4
7561,1,Medium,5
7562,3,High,1
7563,5,Critical,4
7564,4,Critical,3
7565,5,Medium,5
7566,2,Medium,1
7567,2,Low,1
7568,5,High,4
7569,4,Critical,2
7570,4,Low,4
7571,4,Low,4
7572,5,High,5
7573,5,Low,5
7574,1,Low,5
7575,2,Critical,2
7576,3,Low,1
7577,3,Low,1
7578,2,Medium,2
7579,6,High,3
7580,1,Medium,5
7581,2,Medium,2
7582,1,Medium,5
7583,6,Medium,5
7584,1,Low,5
7585,4,Low,4
7586,2,Medium,1
7587,3,High,2
7588,5,High,3
7589,6,High,4
7590,6,High,5
7591,5,Low,4
7592,2,High,1
7593,5,High,5
7594,1,Medium,5
7595,5,Low,4
7596,1,Medium,5
7597,1,Medium,5
7598,3,Low,3
7599,5,Medium,2
7600,3,High,3
7601,5,High,4
7602,1,Low,5
7603,5,Low,2
7604,6,Medium,4
7605,6,High,4
7606,3,Medium,2
7607,4,High,1
7608,6,Low,1
7609,3,Medium,1
7610,4,Critical,1
7611,2,Medium,1
7612,3,Critical,1
7613,6,Medium,1
7614,6,High,2
7615,5,Low,3
7616,4,Low,2
7617,6,Low,3
7618,5,Medium,4
7619,4,Medium,1
7620,3,High,5
7621,3,Critical,1
7622,5,Medium,4
7623,3,Low,1
7624,5,Critical,2
7625,1,Medium,5
7626,4,High,1
7627,5,High,4
7628,4,Critical,3
7629,1,Medium,4
7630,4,High,5
7631,5,Medium,3
7632,3,Medium,2
7633,4,Medium,3
7634,4,Medium,3
7635,6,Medium,2
7636,6,High,4
7637,1,Low,5
7638,2,Medium,3
7639,3,High,1
7640,5,High,5
7641,1,Medium,5
7642,5,High,5
7643,5,Critical,3
7644,4,Medium,3
7645,1,High,5
7646,1,Medium,5
7647,6,Critical,4
7648,3,Medium,1
7649,2,Medium,3
7650,5,Medium,4
7651,3,Medium,1
7652,6,Low,3
7653,3,High,1
7654,5,Low,5
7655,4,Medium,5
7656,4,Medium,1
7657,5,High,4
7658,6,High,5
7659,6,High,3
7660,1,Critical,4
7661,2,Medium,2
7662,4,High,5
7663,2,Low,1
7664,3,High,1
7665,3,Low,2
7666,5,Critical,4
7667,5,Medium,4
7668,5,Low,3
7669,6,Low,4
7670,4,Low,1
7671,2,Medium,2
7672,3,Medium,2
7673,2,Critical,3
7674,4,Medium,5
7675,2,Low,1
7676,2,High,2
7677,6,Low,4
7678,5,High,4
7679,6,Medium,2
7680,6,Medium,3
7681,2,Low,3
7682,2,Low,3
7683,6,High,5
7684,2,Medium,2
7685,6,Critical,1
7686,1,Medium,5
7687,6,High,3
7688,3,Critical,2
7689,3,Low,1
7690,2,High,1
7691,6,Low,4
7692,6,Medium,4
7693,5,High,4
7694,5,Medium,1
7695,5,Low,5
7696,6,Medium,4
7697,6,High,4
7698,3,Critical,5
7699,4,High,4
7700,2,Low,2
7701,3,High,2
7702,5,High,4
7703,3,Medium,1
7704,3,Low,1
7705,3,High,1
7706,5,High,5
7707,4,Low,4
7708,1,Critical,5
7709,2,Medium,1
7710,2,Critical,1
7711,3,Medium,2
7712,4,Medium,5
7713,5,Low,5
7714,1,High,2
7715,1,Medium,5
7716,3,High,1
7717,3,Low,1
7718,5,High,2
7719,5,Medium,4
7720,6,Low,5
7721,5,Low,3
7722,3,Low,1
7723,4,High,4
7724,3,Medium,2
7725,3,Low,1
7726,1,Low,5
7727,5,Medium,4
7728,2,Low,4
7729,5,Medium,1
7730,6,Medium,3
7731,4,Medium,2
7732,4,Medium,3
7733,5,Medium,2
7734,5,Low,4
7735,3,High,2
7736,2,Critical,3
7737,3,Medium,4
7738,1,Medium,5
7739,1,Medium,5
7740,4,High,1
7741,4,Medium,4
7742,2,High,5
7743,4,Medium,3
7744,6,High,2
7745,1,Medium,5
7746,2,Medium,1
7747,1,Medium,5
7748,5,Medium,2
7749,5,High,3
7750,2,Critical,1
7751,3,Low,2
7752,6,Medium,3
7753,6,Critical,1
7754,4,Low,5
7755,2,Medium,1
7756,6,Low,4
7757,4,Low,4
7758,1,Critical,2
7759,3,Medium,1
7760,4,Medium,1
7761,5,Low,1
7762,5,Low,5
7763,1,High,4
7764,2,Medium,1
7765,4,Low,3
7766,1,Critical,5
7767,5,Medium,1
7768,5,Medium,3
7769,5,Medium,2
7770,3,Low,2
7771,3,Medium,2
7772,5,Medium,5
7773,6,Low,5
7774,2,High,1
7775,3,Medium,3
7776,4,High,5
7777,3,Low,5
7778,4,Critical,2
7779,3,High,1
7780,5,Low,5
7781,4,Critical,1
7782,2,Medium,1
7783,3,High,1
7784,3,High,1
7785,5,Low,1
7786,4,Low,3
7787,6,Low,4
7788,5,Medium,5
7789,4,Medium,4
7790,3,Medium,1
7791,3,Low,3
7792,3,Medium,2
7793,3,Low,2
7794,1,Medium,5
7795,3,Low,2
7796,3,High,1
7797,6,High,2
7798,6,Low,3
7799,4,High,5
7800,3,High,1
7801,3,Critical,3
7802,4,Medium,5
7803,3,Medium,2
7804,3,Medium,2
7805,5,Medium,5
7806,1,Medium,5
7807,4,Medium,4
7808,5,Medium,4
7809,6,Low,4
7810,2,Low,3
7811,2,Critical,1
7812,6,Critical,4
7813,1,High,5
7814,2,Low,3
7815,1,Critical,5
7816,2,Low,2
7817,2,High,2
7818,5,Low,2
7819,2,Medium,2
7820,6,High,4
7821,1,High,5
7822,3,High,2
7823,3,Critical,3
7824,3,Medium,1
7825,1,Medium,5
7826,1,Medium,5
7827,3,Low,3
7828,6,High,2
7829,2,High,2
7830,3,Low,5
7831,4,Low,5
7832,1,Low,5
7833,4,High,5
7834,4,Low,1
7835,1,Low,5
7836,3,Low,2
7837,6,Low,5
7838,5,High,5
7839,4,Critical,3
7840,3,Medium,2
7841,5,Low,5
7842,4,High,4
7843,3,High,1
7844,4,Medium,4
7845,3,Low,1
7846,6,Critical,3
7847,2,Medium,1
7848,2,Critical,2
7849,1,Medium,5
7850,5,Medium,4
7851,4,Medium,4
7852,4,High,3
7853,3,Critical,2
7854,5,Low,1
7855,4,Medium,1
7856,5,Medium,3
7857,5,High,3
7858,2,High,2
7859,4,High,3
7860,4,Medium,3
7861,1,Low,5
7862,5,Low,4
7863,3,Low,2
7864,2,Medium,2
7865,1,Critical,5
7866,2,Medium,1
7867,3,Medium,1
7868,1,High,2
7869,2,High,1
7870,3,Medium,2
7871,6,Low,1
7872,1,Low,5
7873,3,Medium,3
7874,1,High,4
7875,4,High,4
7876,4,Medium,5
7877,2,High,1
7878,5,High,4
7879,6,Critical,1
7880,5,High,5
7881,3,Low,4
7882,1,Low,5
7883,4,Medium,1
7884,5,Medium,5
7885,4,Medium,3
7886,6,Low,5
7887,3,High,1
7888,6,Medium,5
7889,6,Critical,5
7890,3,Medium,1
7891,1,Low,5
7892,6,Low,4
7893,5,Low,3
7894,3,Low,2
7895,3,High,2
7896,4,Low,2
7897,2,High,3
7898,6,Low,4
7899,5,Low,4
7900,1,High,5
7901,6,Medium,4
7902,1,Medium,5
7903,4,Medium,4
7904,6,Low,5
7905,1,Medium,5
7906,6,Medium,3
7907,3,Low,1
7908,6,Medium,5
7909,5,High,5
7910,6,Low,4
7911,1,Critical,5
7912,5,Low,4
7913,1,High,5
7914,2,High,1
7915,2,Low,1
7916,5,Critical,4
7917,2,Medium,1
7918,2,Low,2
7919,3,Medium,2
7920,1,Critical,5
7921,2,High,2
7922,5,Low,4
7923,3,Medium,5
7924,2,Low,1
7925,6,Medium,5
7926,5,Medium,5
7927,1,Medium,4
7928,6,Medium,1
7929,2,Critical,3
7930,5,Medium,4
7931,6,High,1
7932,5,Medium,5
7933,4,Critical,3
7934,6,Low,1
7935,5,Medium,3
7936,6,High,5
7937,4,High,3
7938,1,Low,5
7939,1,Medium,5
7940,3,Medium,2
7941,6,Medium,5
7942,4,Medium,5
7943,5,Medium,4
7944,3,Medium,2
7945,6,Low,5
7946,3,Low,1
7947,6,High,2
7948,1,Medium,5
7949,5,Medium,4
7950,4,Medium,1
7951,1,Low,5
7952,3,Medium,1
7953,2,Low,1
7954,3,High,2
7955,2,Critical,2
7956,6,High,3
7957,1,Medium,5
7958,6,Medium,5
7959,4,Critical,4
7960,5,Medium,3
7961,2,Medium,2
7962,5,Medium,5
7963,6,High,3
7964,1,Medium,5
7965,1,Medium,4
7966,6,High,4
7967,6,High,4
7968,1,Medium,5
7969,4,High,3
7970,2,Low,2
7971,5,High,3
7972,3,Low,1
7973,6,Medium,3
7974,6,High,4
7975,1,Medium,4
7976,5,Medium,5
7977,5,Low,5
7978,4,Critical,5
7979,2,Low,1
7980,4,Low,5
7981,4,Medium,5
7982,5,Medium,4
7983,2,High,1
7984,2,High,3
7985,2,High,1
7986,1,Critical,4
7987,2,High,3
7988,5,Low,5
7989,1,Medium,5
7990,3,Medium,1
7991,6,Medium,4
7992,4,Low,3
7993,2,Medium,1
7994,3,High,1
7995,2,Medium,2
7996,4,Medium,4
7997,5,Medium,1
7998,5,Medium,4
7999,4,Medium,5
8000,3,Low,1
8001,1,Medium,5
8002,6,High,4
8003,6,High,5
8004,6,Medium,5
8005,1,Low,5
8006,2,High,2
8007,4,Low,5
8008,4,Low,3
8009,1,Medium,5
8010,3,High,1
8011,6,High,3
8012,4,Critical,4
8013,5,Low,3
8014,5,Low,4
8015,4,Medium,1
8016,6,High,4
8017,6,Low,4
8018,6,Medium,5
8019,3,Medium,1
8020,5,High,3
8021,3,Low,1
8022,1,Critical,3
8023,2,Medium,1
8024,6,Low,4
8025,1,Low,5
8026,2,Low,3
8027,5,Medium,5
8028,2,High,5
8029,2,Low,4
8030,4,Medium,1
8031,2,High,3
8032,4,Medium,2
8033,2,Medium,2
8034,4,Medium,2
8035,5,Medium,4
8036,5,Medium,4
8037,2,Low,2
8038,3,Medium,5
8039,5,Critical,5
8040,1,Low,5
8041,1,Low,5
8042,4,High,4
8043,3,Low,1
8044,6,Low,4
8045,4,Medium,1
8046,2,Critical,1
8047,5,Low,3
8048,3,Critical,1
8049,4,High,1
8050,4,Medium,2
8051,1,High,5
8052,2,Low,1
8053,4,Low,4
8054,1,Medium,5
8055,3,Low,1
8056,4,Critical,1
8057,6,Medium,2
8058,6,Medium,5
8059,1,High,1
8060,6,Critical,5
8061,2,Critical,1
8062,5,High,4
8063,6,Medium,5
8064,3,Low,1
8065,4,Low,5
8066,1,Low,5
8067,4,Low,1
8068,5,Critical,3
8069,4,Critical,4
8070,4,Medium,4
8071,1,High,5
8072,5,Medium,2
8073,3,Low,2
8074,1,Critical,5
8075,5,Low,5
8076,5,High,1
8077,4,Low,5
8078,2,High,4
8079,2,Medium,1
8080,3,Medium,2
8081,4,Low,4
8082,2,Medium,3
8083,1,Medium,5
8084,3,Low,1
8085,4,High,5
8086,6,High,4
8087,1,Medium,4
8088,2,Medium,2
8089,2,High,3
8090,2,Low,1
8091,2,Low,2
8092,5,Low,1
8093,6,Low,3
8094,3,Medium,1
8095,3,Low,2
8096,2,Medium,2
8097,3,Medium,2
8098,6,Medium,5
8099,1,Medium,5
8100,1,High,3
8101,3,High,1
8102,2,Low,1
8103,4,Medium,3
8104,6,Low,3
8105,2,Medium,5
8106,5,Critical,5
8107,4,Low,3
8108,6,Medium,5
8109,5,Low,5
8110,3,Critical,1
8111,5,Medium,3
8112,3,Medium,2
8113,5,Medium,4
8114,4,Medium,5
8115,5,Medium,3
8116,2,Medium,1
8117,3,Medium,1
8118,1,Medium,5
8119,5,Medium,4
8120,3,Medium,1
8121,1,Low,5
8122,3,High,1
8123,3,Critical,3
8124,1,High,5
8125,1,Low,5
8126,4,Medium,3
8127,6,Medium,4
8128,5,Medium,3
8129,5,Medium,3
8130,3,Medium,4
8131,2,Low,5
8132,2,Low,2
8133,6,Low,4
8134,3,Medium,1
8135,4,Low,2
8136,1,Low,5
8137,3,Low,2
8138,5,High,5
8139,2,High,1
8140,2,Medium,1
8141,2,High,1
8142,4,Low,5
8143,5,Medium,4
8144,4,Low,4
8145,1,High,5
8146,3,Low,1
8147,3,Low,2
8148,2,Low,3
8149,2,Critical,2
8150,1,Low,5
8151,4,Medium,5
8152,6,Medium,4
8153,6,High,1
8154,6,Medium,5
8155,5,Medium,3
8156,1,Medium,5
8157,3,Medium,1
8158,3,Low,2
8159,4,Medium,4
8160,1,High,5
8161,5,Medium,1
8162,1,Critical,5
8163,1,High,5
8164,4,Medium,4
8165,5,Medium,1
8166,6,High,3
8167,3,Low,1
8168,2,Low,4
8169,6,Medium,5
8170,5,Low,5
8171,3,Low,2
8172,6,Critical,3
8173,4,High,3
8174,5,Medium,4
8175,5,Medium,4
8176,3,Low,5
8177,3,Medium,3
8178,1,Medium,5
8179,1,High,5
8180,5,Critical,2
8181,2,Medium,2
8182,4,Low,1
8183,3,Medium,1
8184,1,Medium,5
8185,4,Low,1
8186,6,High,4
8187,6,Critical,3
8188,5,Critical,1
8189,3,High,2
8190,6,Critical,3
8191,3,Critical,1
8192,1,Medium,5
8193,6,Low,5
8194,2,Low,1
8195,6,Low,3
8196,3,Medium,1
8197,2,High,4
8198,4,Medium,4
8199,6,Medium,3
8200,3,Low,1
8201,6,Low,5
8202,6,Medium,5
8203,3,Low,1
8204,2,Low,3
8205,1,Medium,5
8206,6,Medium,2
8207,5,Low,3
8208,4,Medium,3
8209,3,Medium,2
8210,6,Low,5
8211,1,Medium,5
8212,3,Medium,1
8213,6,Low,4
8214,4,Critical,5
8215,5,Medium,4
8216,3,Medium,1
8217,6,High,5
8218,2,Critical,2
8219,1,Low,5
8220,5,High,5
8221,3,High,1
8222,6,Low,4
8223,5,High,2
8224,2,Low,2
8225,3,Medium,3
8226,5,Medium,5
8227,3,Medium,1
8228,3,High,2
8229,5,High,5
8230,3,Critical,1
8231,2,Medium,2
8232,5,Low,3
8233,6,High,5
8234,5,Low,5
8235,2,Medium,2
8236,2,High,1
8237,2,Low,4
8238,6,Medium,1
8239,6,Medium,2
8240,3,Low,1
8241,3,Medium,1
8242,4,Low,1
8243,3,Low,1
8244,2,High,1
8245,4,Medium,5
8246,2,Medium,1
8247,1,Low,5
8248,6,Medium,1
8249,5,Critical,3
8250,1,Medium,5
8251,6,Medium,5
8252,6,Low,4
8253,2,Medium,1
8254,3,High,1
8255,5,High,5
8256,3,Medium,2
8257,3,Critical,1
8258,5,Low,1
8259,5,Medium,1
8260,1,Low,5
8261,2,Medium,1
8262,3,Low,2
8263,2,Critical,5
8264,2,High,3
8265,4,Low,5
8266,1,Medium,5
8267,3,High,1
8268,6,Low,4
8269,5,Low,4
8270,5,Medium,3
8271,2,Low,1
8272,1,Medium,4
8273,1,Medium,5
8274,3,Medium,1
8275,3,Medium,1
8276,2,Critical,1
8277,2,High,2
8278,2,Medium,1
8279,4,Medium,2
8280,1,Low,2
8281,2,Low,3
8282,1,High,5
8283,6,Medium,4
8284,5,Medium,5
8285,5,High,4
8286,1,Medium,3
8287,6,High,5
8288,5,High,3
8289,5,Low,2
8290,5,Critical,1
8291,3,Low,1
8292,6,Critical,4
8293,3,Medium,1
8294,1,High,5
8295,1,High,5
8296,4,Medium,5
8297,3,Medium,1
8298,1,Critical,5
8299,3,Critical,1
8300,4,Medium,4
8301,1,Medium,3
8302,1,Low,5
8303,1,High,5
8304,1,Medium,5
8305,2,High,1
8306,6,Medium,2
8307,6,Low,5
8308,3,Low,2
8309,3,Low,2
8310,3,Medium,2
8311,4,Low,5
8312,2,Medium,2
8313,3,Low,2
8314,3,Medium,2
8315,1,Low,5
8316,1,Medium,5
8317,1,Low,5
8318,3,High,1
8319,1,Low,5
8320,3,Low,2
8321,4,Critical,5
8322,4,Low,5
8323,5,High,5
8324,2,Critical,2
8325,1,Medium,5
8326,6,Medium,4
8327,1,Medium,5
8328,2,Medium,1
8329,2,Medium,2
8330,5,Low,5
8331,2,Medium,1
8332,3,High,2
8333,1,Low,4
8334,2,High,1
8335,3,Medium,4
8336,2,Low,1
8337,6,Low,5
8338,3,Medium,1
8339,4,Medium,3
8340,3,Medium,1
8341,5,Medium,4
8342,3,Medium,1
8343,2,High,1
8344,4,Low,5
8345,4,Medium,4
8346,3,Low,2
8347,2,Low,2
8348,4,Medium,4
8349,6,High,3
8350,3,Critical,2
8351,3,Medium,5
8352,3,Medium,2
8353,4,Low,3
8354,1,Medium,5
8355,2,Medium,2
8356,5,Medium,4
8357,5,Medium,3
8358,2,Medium,1
8359,1,Low,5
8360,2,Medium,2
8361,3,Medium,1
8362,6,Low,1
8363,2,Low,2
8364,2,High,2
8365,6,High,4
8366,4,Low,3
8367,5,Medium,4
8368,5,Medium,5
8369,3,Critical,4
8370,6,Critical,5
8371,3,Medium,2
8372,4,Low,2
8373,3,Medium,5
8374,6,High,4
8375,6,Critical,4
8376,1,Medium,3
8377,4,High,2
8378,6,Medium,3
8379,6,Low,3
8380,4,Medium,4
8381,2,Low,1
8382,2,Medium,1
8383,1,Medium,5
8384,6,Critical,4
8385,4,Critical,3
8386,4,Low,4
8387,2,Low,1
8388,5,High,5
8389,5,Medium,3
8390,6,High,1
8391,2,Low,2
8392,6,High,5
8393,3,Medium,2
8394,4,Low,2
8395,6,Low,4
8396,1,High,5
8397,5,Medium,5
8398,6,Critical,4
8399,3,High,1
8400,4,Low,5
8401,3,Medium,2
8402,6,Low,4
8403,4,Medium,3
8404,4,Medium,4
8405,2,Medium,1
8406,2,Medium,2
8407,1,Low,2
8408,1,Low,5
8409,3,Medium,1
8410,2,Critical,1
8411,4,Medium,3
8412,2,High,5
8413,4,Low,4
8414,2,Medium,3
8415,4,Medium,4
8416,3,High,1
8417,2,Medium,3
8418,5,Medium,5
8419,5,High,5
8420,4,Medium,1
8421,3,Low,1
8422,4,Medium,5
8423,3,Low,1
8424,1,Critical,5
8425,2,Medium,1
8426,3,Medium,1
8427,4,Critical,3
8428,1,Critical,4
8429,4,Medium,4
8430,5,High,4
8431,5,Low,3
8432,2,High,1
8433,6,Medium,4
8434,2,Medium,2
8435,1,Low,5
8436,5,Critical,4
8437,3,Low,1
8438,5,Medium,5
8439,6,Medium,4
8440,2,Medium,2
8441,4,High,4
8442,1,High,5
8443,6,High,1
8444,5,Low,1
8445,3,Medium,2
8446,6,Medium,4
8447,3,Critical,1
8448,3,Medium,1
8449,1,Low,5
8450,3,Medium,5
8451,3,Medium,1
8452,5,Low,3
8453,1,High,1
8454,4,Low,2
8455,4,Medium,3
8456,3,Medium,1
8457,6,Medium,5
8458,2,Critical,1
8459,1,Medium,5
8460,2,Medium,1
8461,1,High,5
8462,1,Low,5
8463,5,Low,4
8464,3,Low,2
8465,5,Medium,1
8466,6,Medium,5
8467,2,Medium,1
8468,2,Low,2
8469,4,Low,5
8470,6,Medium,4
8471,6,Low,3
8472,5,Medium,3
8473,5,Medium,5
8474,6,Critical,2
8475,5,Low,1
8476,4,Medium,5
8477,5,Medium,4
8478,5,High,4
8479,6,Critical,5
8480,6,Critical,4
8481,5,Medium,5
8482,5,Medium,1
8483,6,Medium,4
8484,2,Medium,5
8485,3,High,1
8486,2,Low,1
8487,5,Medium,4
8488,1,Critical,4
8489,1,Low,5
8490,4,Medium,3
8491,2,Low,1
8492,6,Low,5
8493,4,Low,3
8494,4,Low,3
8495,1,Low,5
8496,2,Medium,1
8497,3,High,1
8498,6,Low,4
8499,2,High,2
8500,4,High,4
8501,5,High,3
8502,4,Medium,3
8503,2,Low,2
8504,1,High,5
8505,2,High,3
8506,3,Medium,2
8507,6,High,2
8508,6,Low,3
8509,5,High,5
8510,5,Low,4
8511,4,Medium,4
8512,2,Medium,1
8513,6,Medium,3
8514,1,Low,5
8515,3,Critical,2
8516,4,Medium,4
8517,2,Medium,2
8518,1,Medium,5
8519,2,High,1
8520,1,Low,5
8521,2,High,1
8522,2,Low,1
8523,6,Low,4
8524,4,Medium,5
8525,2,Critical,1
8526,2,Low,1
8527,4,Medium,5
8528,4,Medium,5
8529,5,Low,3
8530,5,Critical,4
8531,6,Medium,4
8532,4,High,5
8533,3,Medium,4
8534,6,Medium,3
8535,1,Medium,5
8536,4,Medium,5
8537,5,High,5
8538,2,Low,2
8539,4,Medium,4
8540,4,High,5
8541,5,High,1
8542,5,Low,4
8543,3,High,2
8544,6,Medium,2
8545,5,Medium,2
8546,5,Low,3
8547,5,Medium,2
8548,6,High,1
8549,2,Medium,4
8550,4,Low,4
8551,4,Medium,4
8552,5,Low,5
8553,6,High,2
8554,3,Low,1
8555,5,Low,4
8556,6,High,5
8557,6,Medium,4
8558,3,Medium,2
8559,6,Medium,5
8560,4,Low,3
8561,3,Low,1
8562,3,Medium,1
8563,1,High,3
8564,3,High,2
8565,3,High,1
8566,2,Critical,5
8567,4,Critical,4
8568,5,High,3
8569,1,High,5
8570,3,Medium,1
8571,2,Low,2
8572,2,Low,1
8573,6,Low,4
8574,5,Critical,4
8575,5,Medium,4
8576,4,High,3
8577,6,Medium,3
8578,3,Medium,2
8579,2,Low,1
8580,1,High,5
8581,4,High,5
8582,3,High,5
8583,6,Low,2
8584,5,Low,1
8585,6,Medium,5
8586,3,Low,2
8587,6,High,4
8588,5,Low,4
8589,3,Medium,2
8590,1,Medium,5
8591,4,Medium,3
8592,6,Low,3
8593,5,Critical,5
8594,1,Medium,3
8595,2,High,2
8596,1,Low,5
8597,1,High,5
8598,1,Low,5
8599,5,Medium,4
8600,2,Medium,2
8601,4,Low,5
8602,1,Low,1
8603,5,Critical,5
8604,5,Low,5
8605,4,High,1
8606,3,Medium,1
8607,2,Medium,1
8608,2,Low,3
8609,6,Low,5
8610,1,Medium,5
8611,3,Medium,1
8612,2,High,3
8613,6,Medium,5
8614,1,High,5
8615,3,Low,1
8616,5,Medium,5
8617,1,Low,5
8618,3,Low,5
8619,4,High,4
8620,2,High,1
8621,1,Medium,5
8622,6,High,4
8623,5,Medium,4
8624,6,High,5
8625,1,Low,5
8626,2,Low,2
8627,2,High,1
8628,3,Medium,1
8629,6,Medium,5
8630,6,Medium,4
8631,5,Critical,5
8632,3,Medium,1
8633,5,Medium,3
8634,1,High,5
8635,1,High,5
8636,6,Low,4
8637,3,Medium,2
8638,4,Medium,5
8639,2,Low,1
8640,3,Medium,1
8641,3,Low,4
8642,1,Low,5
8643,2,Critical,1
8644,3,Low,1
8645,1,Medium,5
8646,1,Medium,5
8647,6,Medium,3
8648,6,Low,1
8649,3,Medium,1
8650,3,High,1
8651,1,Medium,5
8652,6,Medium,5
8653,3,Medium,2
8654,2,Low,1
8655,1,Medium,5
8656,1,Low,5
8657,3,Medium,4
8658,3,High,1
8659,3,Medium,1
8660,2,Medium,1
8661,1,Low,5
8662,4,High,5
8663,2,Medium,1
8664,2,Critical,5
8665,6,Low,5
8666,1,Critical,5
8667,4,Medium,2
8668,1,Low,5
8669,2,Critical,1
8670,3,Low,1
8671,1,High,5
8672,1,High,1
8673,3,Low,2
8674,4,Medium,5
8675,4,Medium,5
8676,1,Medium,5
8677,3,High,2
8678,6,High,3
8679,1,Medium,5
8680,3,High,5
8681,2,Critical,1
8682,6,Low,5
8683,3,Low,3
8684,1,Medium,5
8685,5,High,4
8686,4,Low,4
8687,1,High,5
8688,3,Critical,1
8689,6,Low,1
8690,6,Medium,5
8691,3,Medium,1
8692,4,Medium,5
8693,1,Medium,5
8694,6,High,5
8695,6,Medium,3
8696,5,Critical,5
8697,2,Medium,1
8698,5,Medium,3
8699,2,High,1
8700,6,Medium,4
8701,2,Medium,2
8702,1,Medium,5
8703,6,High,1
8704,6,Medium,5
8705,2,Medium,2
8706,3,Critical,3
8707,2,Low,1
8708,2,Medium,1
8709,4,Medium,5
8710,4,Low,1
8711,1,Medium,5
8712,1,Low,5
8713,3,High,1
8714,4,High,5
8715,5,Low,3
8716,1,Low,3
8717,1,High,5
8718,4,Medium,3
8719,4,Medium,5
8720,3,Low,2
8721,4,Low,4
8722,2,Low,2
8723,6,Low,1
8724,5,Medium,3
8725,6,High,1
8726,2,Medium,1
8727,2,Medium,5
8728,6,Medium,2
8729,2,Medium,1
8730,1,Low,5
8731,6,Medium,1
8732,2,Medium,1
8733,1,High,5
8734,4,Medium,3
8735,5,Medium,5
8736,5,Low,3
8737,2,High,1
8738,5,High,5
8739,1,Medium,5
8740,4,Medium,4
8741,2,Medium,3
8742,3,Medium,2
8743,6,Critical,4
8744,5,High,3
8745,5,Medium,3
8746,2,Medium,4
8747,6,Low,3
8748,6,Low,4
8749,5,Low,4
8750,5,Low,2
8751,3,Critical,2
8752,6,Medium,5
8753,1,High,5
8754,2,High,2
8755,2,High,1
8756,3,Low,2
8757,3,Medium,1
8758,1,Medium,5
8759,4,Critical,5
8760,2,High,1
8761,6,Low,5
8762,5,Medium,4
8763,1,Medium,5
8764,2,Low,3
8765,6,High,5
8766,1,High,4
8767,4,High,4
8768,6,Medium,1
8769,2,Medium,1
8770,5,Medium,5
8771,6,High,3
8772,2,High,2
8773,1,Low,5
8774,4,Medium,5
8775,6,Low,4
8776,1,High,5
8777,1,Low,5
8778,3,Medium,2
8779,1,Medium,5
8780,6,High,1
8781,4,Medium,5
8782,5,Medium,3
8783,3,Medium,1
8784,1,Medium,5
8785,6,High,3
8786,2,High,2
8787,3,Medium,5
8788,4,Medium,3
8789,2,Low,1
8790,4,High,5
8791,2,Low,2
8792,5,High,4
8793,4,Medium,5
8794,2,Medium,1
8795,4,Low,1
8796,3,Low,2
8797,4,Medium,4
8798,6,Medium,1
8799,4,Low,3
8800,2,High,1
8801,4,Medium,5
8802,5,Low,4
8803,1,High,5
8804,3,Critical,3
8805,6,Medium,2
8806,2,High,1
8807,4,Medium,3
8808,4,Critical,4
8809,4,Low,4
8810,3,Critical,2
8811,6,Medium,4
8812,1,Medium,5
8813,5,Medium,5
8814,6,Low,4
8815,5,Medium,4
8816,6,Medium,4
8817,2,Medium,1
8818,1,Low,5
8819,1,Medium,5
8820,3,Medium,1
8821,6,Medium,5
8822,4,Medium,2
8823,1,Low,5
8824,6,Medium,3
8825,4,High,5
8826,3,Low,2
8827,6,Low,3
8828,6,Medium,5
8829,2,Medium,1
8830,6,Medium,5
8831,2,Critical,2
8832,4,High,5
8833,4,Medium,4
8834,1,Medium,5
8835,3,Low,1
8836,2,Medium,2
8837,1,High,5
8838,5,High,2
8839,1,Medium,3
8840,4,Low,5
8841,5,Low,3
8842,1,Low,5
8843,6,High,3
8844,3,Low,1
8845,2,Medium,3
8846,6,High,4
8847,5,Low,2
8848,3,Medium,2
8849,1,Low,5
8850,6,Medium,5
8851,4,Low,3
8852,4,Medium,4
8853,3,High,4
8854,4,Medium,1
8855,2,Medium,2
8856,3,High,2
8857,3,Low,1
8858,4,High,2
8859,3,Low,1
8860,1,Medium,5
8861,5,Low,4
8862,6,Low,1
8863,5,Critical,5
8864,6,Low,2
8865,4,Medium,4
8866,2,Medium,1
8867,2,Medium,2
8868,4,High,5
8869,4,Critical,5
8870,3,Medium,2
8871,2,Low,1
8872,5,Low,4
8873,4,Medium,4
8874,5,Low,4
8875,6,Medium,3
8876,5,High,5
8877,2,Medium,1
8878,6,Low,5
8879,5,Medium,4
8880,3,High,2
8881,3,Medium,1
8882,2,Low,2
8883,3,Medium,4
8884,4,Medium,2
8885,6,Low,5
8886,2,Critical,2
8887,6,High,2
8888,5,Medium,4
8889,4,High,2
8890,2,Medium,3
8891,5,High,5
8892,5,Medium,4
8893,5,Medium,5
8894,5,Low,5
8895,5,Low,2
8896,2,Medium,5
8897,3,Medium,4
8898,5,Medium,5
8899,4,Medium,1
8900,2,High,3
8901,1,Low,4
8902,3,Low,4
8903,4,Low,4
8904,5,Low,5
8905,2,Medium,1
8906,2,High,1
8907,5,Low,3
8908,4,High,4
8909,2,High,1
8910,6,Medium,5
8911,3,Medium,5
8912,4,Low,5
8913,5,High,4
8914,4,Low,4
8915,6,Medium,5
8916,4,Medium,3
8917,1,Critical,5
8918,5,Medium,4
8919,3,Low,3
8920,5,Medium,5
8921,1,High,4
8922,5,Medium,2
8923,5,Critical,2
8924,3,High,1
8925,1,Medium,5
8926,5,Low,4
8927,6,Low,5
8928,5,Critical,5
8929,2,Critical,1
8930,5,Low,4
8931,3,Medium,1
8932,2,High,4
8933,6,Medium,3
8934,6,High,5
8935,6,Low,2
8936,1,High,3
8937,6,Medium,5
8938,4,Medium,5
8939,3,Medium,1
8940,1,Medium,4
8941,2,Medium,1
8942,4,High,3
8943,1,Medium,5
8944,3,Medium,2
8945,2,Medium,1
8946,3,Critical,1
8947,3,Low,1
8948,2,Medium,1
8949,6,Low,3
8950,5,Medium,2
8951,3,Low,3
8952,6,Critical,5
8953,2,Low,1
8954,3,Medium,3
8955,5,High,1
8956,2,Low,1
8957,1,High,5
8958,1,High,5
8959,6,High,4
8960,1,Low,5
8961,4,Low,2
8962,3,Low,1
8963,3,Low,2
8964,2,Low,2
8965,4,High,4
8966,3,Medium,2
8967,2,Medium,1
8968,5,Low,5
8969,3,Medium,2
8970,6,Medium,4
8971,3,High,1
8972,5,Low,4
8973,5,High,3
8974,3,Medium,2
8975,5,Critical,4
8976,2,Low,2
8977,3,Low,1
8978,3,Medium,1
8979,1,Critical,5
8980,6,High,4
8981,3,Medium,2
8982,1,Low,5
8983,5,Medium,5
8984,6,Medium,5
8985,6,Medium,4
8986,5,Low,5
8987,2,Low,1
8988,1,Medium,5
8989,3,Critical,1
8990,1,Medium,5
8991,5,Medium,1
8992,5,Critical,2
8993,2,Low,1
8994,6,Low,4
8995,6,High,3
8996,5,Medium,1
8997,1,Medium,5
8998,6,Low,4
8999,3,Medium,3
9000,3,Medium,1
9001,1,Medium,5
9002,2,Medium,1
9003,3,Medium,4
9004,1,Critical,2
9005,1,Critical,5
9006,5,High,5
9007,6,Critical,5
9008,5,Low,5
9009,6,High,4
9010,2,Medium,2
9011,2,High,2
9012,2,Low,2
9013,1,High,5
9014,1,Low,5
9015,5,Low,1
9016,3,High,1
9017,6,High,5
9018,6,Medium,5
9019,2,Medium,1
9020,6,Low,3
9021,4,Medium,5
9022,2,Low,3
9023,6,High,2
9024,5,Medium,4
9025,6,Critical,4
9026,1,Medium,5
9027,5,Medium,2
9028,5,Medium,5
9029,5,Medium,1
9030,4,Low,3
9031,4,High,4
9032,6,Medium,4
9033,2,Medium,1
9034,6,Low,4
9035,6,Low,4
9036,6,Medium,5
9037,1,High,5
9038,5,Medium,5
9039,3,Low,1
9040,2,Low,1
9041,2,High,2
9042,5,High,5
9043,2,Critical,1
9044,5,Low,5
9045,2,Critical,1
9046,6,High,5
9047,1,High,4
9048,2,Low,2
9049,2,High,5
9050,3,Medium,1
9051,1,Medium,4
9052,6,Medium,3
9053,1,High,5
9054,1,Critical,5
9055,2,High,1
9056,4,Medium,2
9057,2,Medium,2
9058,5,Medium,3
9059,3,Medium,1
9060,1,Medium,5
9061,5,High,1
9062,6,Low,4
9063,5,High,3
9064,4,High,4
9065,1,Medium,5
9066,2,Critical,1
9067,1,Medium,5
9068,3,Low,1
9069,1,Medium,5
9070,5,Critical,4
9071,5,Critical,3
9072,2,Medium,1
9073,2,Low,4
9074,2,Low,1
9075,6,Medium,5
9076,3,Medium,4
9077,6,Medium,3
9078,6,High,3
9079,6,High,5
9080,1,Low,3
9081,4,Medium,3
9082,1,High,5
9083,2,Medium,4
9084,3,Low,2
9085,6,Medium,4
9086,1,High,5
9087,5,Low,3
9088,6,Medium,3
9089,1,Medium,5
9090,5,Low,5
9091,1,Medium,5
9092,1,Low,5
9093,6,Medium,5
9094,1,Medium,5
9095,2,Medium,5
9096,5,High,4
9097,3,Low,1
9098,4,High,5
9099,6,Low,5
9100,5,Medium,5
9101,2,Medium,3
9102,5,Medium,5
9103,3,Low,3
9104,6,Low,5
9105,5,Medium,1
9106,2,Low,1
9107,6,High,3
9108,2,Low,1
9109,6,Medium,4
9110,4,Medium,5
9111,3,Medium,2
9112,4,High,4
9113,1,Medium,4
9114,2,Low,1
9115,4,High,5
9116,2,Low,1
9117,6,Medium,4
9118,2,High,1
9119,1,Low,5
9120,2,Medium,2
9121,6,Low,5
9122,6,High,3
9123,4,High,5
9124,3,Low,2
9125,5,Medium,1
9126,4,Medium,5
9127,1,Medium,5
9128,5,Low,2
9129,2,Medium,2
9130,4,High,4
9131,5,Medium,4
9132,4,Low,5
9133,2,High,3
9134,6,Low,3
9135,4,Medium,3
9136,1,Medium,3
9137,5,Medium,4
9138,5,Medium,4
9139,5,Medium,1
9140,4,Medium,5
9141,2,Medium,1
9142,4,High,5
9143,4,Medium,1
9144,6,Low,3
9145,5,Low,4
9146,2,Low,1
9147,3,Critical,1
9148,2,Critical,1
9149,4,Low,1
9150,1,Medium,5
9151,2,Low,4
9152,5,Critical,4
9153,1,Low,5
9154,3,Medium,1
9155,3,Low,3
9156,1,Medium,1
9157,3,Low,4
9158,1,Medium,5
9159,4,Medium,5
9160,1,Medium,5
9161,4,Low,5
9162,5,Medium,5
9163,5,High,5
9164,3,High,1
9165,6,High,4
9166,6,Medium,4
9167,1,High,5
9168,4,Medium,5
9169,5,Low,3
9170,5,Medium,3
9171,5,Low,5
9172,3,Low,2
9173,5,Low,3
9174,6,Low,4
9175,2,Medium,2
9176,3,Medium,2
9177,1,Medium,5
9178,2,High,2
9179,3,Low,2
9180,3,Low,1
9181,4,Critical,3
9182,2,Medium,2
9183,2,High,1
9184,6,Medium,3
9185,2,Medium,1
9186,5,Low,5
9187,6,High,3
9188,5,Low,4
9189,6,Medium,5
9190,1,Medium,4
9191,6,Medium,2
9192,1,High,4
9193,6,Low,4
9194,1,Medium,4
9195,5,Medium,2
9196,6,Low,1
9197,4,High,1
9198,6,Medium,4
9199,1,Medium,5
9200,3,Critical,1
9201,5,Medium,4
9202,4,High,2
9203,3,High,2
9204,3,Medium,2
9205,5,High,4
9206,6,Low,5
9207,2,High,1
9208,4,Medium,3
9209,6,High,3
9210,5,Medium,2
9211,2,High,1
9212,5,High,1
9213,5,Medium,5
9214,3,Medium,2
9215,6,High,5
9216,5,Low,5
9217,6,Low,1
9218,2,Medium,3
9219,3,Medium,1
9220,2,Low,1
9221,2,Medium,1
9222,3,Low,1
9223,6,Low,3
9224,2,Low,2
9225,1,Medium,5
9226,6,Low,5
9227,5,Medium,5
9228,3,Low,1
9229,3,Critical,2
9230,6,Medium,1
9231,1,Low,5
9232,1,Low,5
9233,1,High,5
9234,1,Low,5
9235,4,Critical,5
9236,3,Medium,4
9237,2,Medium,3
9238,3,Critical,1
9239,3,Medium,1
9240,3,Critical,1
9241,1,Critical,5
9242,1,Critical,5
9243,4,High,4
9244,6,Low,4
9245,3,Medium,3
9246,5,Medium,3
9247,6,Critical,5
9248,4,Medium,4
9249,1,Low,5
9250,3,High,2
9251,1,Medium,5
9252,6,Medium,2
9253,2,Critical,3
9254,1,Medium,4
9255,1,Medium,5
9256,4,Medium,3
9257,2,Medium,2
9258,6,Low,5
9259,5,Medium,4
9260,5,Low,5
9261,5,Medium,4
9262,3,Medium,3
9263,5,Medium,5
9264,3,Medium,2
9265,6,Medium,4
9266,6,Low,1
9267,1,Low,5
9268,5,High,1
9269,4,High,5
9270,6,Medium,1
9271,2,High,1
9272,2,Medium,2
9273,6,High,5
9274,1,Medium,5
9275,2,Critical,5
9276,2,Medium,2
9277,1,Medium,5
9278,1,Medium,5
9279,1,Medium,5
9280,4,High,4
9281,1,Medium,5
9282,1,Medium,4
9283,1,Medium,4
9284,6,Medium,1
9285,5,Low,4
9286,6,High,4
9287,5,Critical,4
9288,4,Medium,3
9289,4,High,5
9290,2,Critical,3
9291,6,Medium,5
9292,5,Critical,4
9293,4,Medium,2
9294,4,High,1
9295,6,Low,3
9296,2,High,1
9297,1,High,5
9298,3,Medium,1
9299,2,Medium,5
9300,3,High,1
9301,2,High,4
9302,2,Low,4
9303,1,High,4
9304,4,Low,5
9305,5,High,5
9306,2,Medium,2
9307,1,Low,4
9308,3,Low,5
9309,6,Medium,5
9310,6,High,3
9311,4,Low,4
9312,6,High,4
9313,2,Critical,2
9314,3,High,2
9315,2,Medium,1
9316,6,Medium,5
9317,5,Low,4
9318,6,Low,4
9319,5,High,4
9320,6,Low,5
9321,4,Critical,1
9322,3,Low,3
9323,5,Low,2
9324,1,Low,5
9325,4,High,5
9326,2,Medium,3
9327,6,Low,5
9328,3,Medium,2
9329,3,Critical,1
9330,6,Medium,4
9331,1,Low,4
9332,5,Low,2
9333,6,High,1
9334,3,Medium,4
9335,1,Critical,5
9336,1,Medium,5
9337,2,Low,1
9338,1,Medium,5
9339,4,Medium,5
9340,3,Medium,3
9341,4,Critical,4
9342,1,Medium,5
9343,1,Medium,5
9344,4,Low,4
9345,2,Low,2
9346,1,Medium,4
9347,4,Medium,3
9348,4,Low,3
9349,3,Low,1
9350,2,Medium,4
9351,5,High,4
9352,4,Medium,2
9353,3,Medium,3
9354,5,Low,5
9355,3,Medium,5
9356,3,Medium,5
9357,6,Low,3
9358,2,Medium,2
9359,1,Medium,3
9360,2,Low,1
9361,5,Medium,1
9362,6,Medium,3
9363,2,High,3
9364,1,Low,5
9365,2,High,2
9366,2,Low,3
9367,2,Low,2
9368,4,Medium,4
9369,4,Medium,3
9370,2,Critical,2
9371,1,Medium,5
9372,1,Medium,5
9373,1,Critical,5
9374,1,Medium,5
9375,6,Low,4
9376,6,Medium,4
9377,3,Critical,2
9378,2,High,1
9379,2,Medium,1
9380,3,High,2
9381,1,Medium,5
9382,5,High,4
9383,5,Low,5
9384,3,Low,1
9385,5,Medium,2
9386,4,High,4
9387,2,High,1
9388,5,Medium,4
9389,6,Low,1
9390,6,Low,4
9391,4,High,5
9392,2,Low,4
9393,4,High,4
9394,2,Low,2
9395,2,Medium,1
9396,5,Medium,5
9397,6,High,4
9398,3,Medium,1
9399,5,Medium,5
9400,1,Medium,3
9401,4,Critical,5
9402,1,Medium,5
9403,2,Low,1
9404,5,Medium,1
9405,1,Medium,1
9406,1,High,5
9407,6,Low,4
9408,1,Low,5
9409,6,Critical,5
9410,6,Critical,3
9411,2,Medium,4
9412,6,Low,5
9413,2,Medium,3
9414,6,Low,5
9415,6,Medium,4
9416,2,Medium,1
9417,1,High,5
9418,4,Low,4
9419,5,Medium,5
9420,5,Medium,3
9421,2,Medium,1
9422,1,Medium,5
9423,4,Medium,5
9424,3,High,1
9425,2,High,2
9426,3,Low,1
9427,5,Low,3
9428,5,High,4
9429,4,Medium,2
9430,4,Critical,5
9431,3,Medium,2
9432,5,Low,4
9433,4,Medium,5
9434,4,Medium,3
9435,5,Medium,3
9436,5,High,5
9437,1,Medium,4
9438,6,Low,3
9439,4,High,4
9440,3,Medium,1
9441,2,Medium,1
9442,2,Medium,1
9443,5,Medium,5
9444,6,Medium,4
9445,3,Medium,1
9446,1,High,5
9447,4,Low,5
9448,1,Medium,5
9449,3,Medium,1
9450,1,Low,5
9451,5,High,4
9452,2,Medium,2
9453,5,Low,1
9454,4,Medium,5
9455,5,Low,5
9456,3,High,2
9457,3,Medium,1
9458,4,Low,5
9459,4,Critical,5
9460,2,Low,1
9461,1,Medium,5
9462,2,High,5
9463,5,Medium,4
9464,1,Critical,5
9465,4,High,4
9466,3,Critical,1
9467,5,Medium,5
9468,2,Medium,3
9469,6,High,5
9470,6,Critical,5
9471,4,Critical,5
9472,1,High,5
9473,6,High,5
9474,1,Low,5
9475,3,Medium,1
9476,4,Low,4
9477,4,Low,2
9478,5,Low,3
9479,5,Low,4
9480,1,Low,5
9481,6,Critical,5
9482,6,Medium,3
9483,2,Low,2
9484,1,High,5
9485,6,High,3
9486,5,Medium,4
9487,5,Low,4
9488,5,Low,4
9489,1,Medium,5
9490,4,Low,3
9491,2,Medium,1
9492,2,High,1
9493,5,Medium,3
9494,3,Medium,5
9495,1,Low,5
9496,6,Medium,2
9497,6,Medium,4
9498,4,Medium,3
9499,5,Critical,2
9500,3,Low,2
9501,5,Critical,2
9502,3,Critical,1
9503,2,Low,1
9504,3,Low,1
9505,2,Medium,3
9506,2,Medium,3
9507,1,Low,5
9508,3,Low,1
9509,4,Critical,2
9510,4,Low,4
9511,3,Medium,2
9512,1,High,5
9513,4,High,5
9514,5,Medium,5
9515,4,Low,2
9516,1,High,5
9517,2,High,1
9518,2,Critical,1
9519,2,Low,1
9520,1,High,5
9521,2,Medium,2
9522,2,Critical,5
9523,1,Medium,5
9524,5,Medium,3
9525,4,Low,5
9526,1,Medium,5
9527,1,Medium,5
9528,3,Low,5
9529,2,Medium,4
9530,6,Medium,5
9531,5,High,5
9532,6,Low,1
9533,3,High,1
9534,5,High,3
9535,2,Low,1
9536,6,Low,3
9537,2,High,1
9538,2,Low,1
9539,4,Low,2
9540,5,Medium,5
9541,5,Medium,4
9542,3,Medium,1
9543,1,Critical,5
9544,2,High,1
9545,2,High,1
9546,6,Medium,5
9547,3,Critical,5
9548,5,Medium,4
9549,4,High,4
9550,5,Medium,3
9551,4,Low,3
9552,4,High,4
9553,5,Medium,4
9554,6,Critical,4
9555,2,Low,1
9556,4,Critical,2
9557,6,Low,3
9558,3,Medium,2
9559,3,Medium,1
9560,4,Medium,4
9561,2,High,1
9562,4,Medium,5
9563,3,Low,1
9564,3,Medium,3
9565,5,Medium,3
9566,2,Medium,1
9567,5,Low,4
9568,6,Medium,4
9569,6,Critical,3
9570,6,Low,3
9571,1,Medium,5
9572,6,Low,1
9573,4,Low,2
9574,5,Medium,2
9575,6,Medium,4
9576,2,Medium,1
9577,6,High,4
9578,4,High,4
9579,4,High,2
9580,4,Medium,5
9581,4,Medium,2
9582,4,Medium,4
9583,2,High,1
9584,1,Medium,5
9585,3,Low,1
9586,1,Low,5
9587,3,Medium,3
9588,5,Low,3
9589,4,Low,5
9590,5,Medium,1
9591,5,Low,5
9592,3,Medium,1
9593,2,High,1
9594,4,Low,5
9595,6,Low,5
9596,5,Low,2
9597,1,Medium,1
9598,4,Medium,2
9599,2,Medium,2
9600,4,Medium,3
9601,6,Medium,4
9602,6,High,4
9603,5,Low,3
9604,1,High,2
9605,5,Medium,5
9606,2,Low,1
9607,3,Medium,1
9608,6,Low,4
9609,1,Medium,5
9610,6,Low,4
9611,2,Low,1
9612,2,Medium,1
9613,6,High,3
9614,5,Critical,4
9615,6,Medium,2
9616,5,Medium,4
9617,6,Critical,5
9618,5,Low,5
9619,3,Low,1
9620,4,Medium,5
9621,4,Medium,4
9622,5,Medium,3
9623,5,Medium,4
9624,3,Low,3
9625,4,Medium,5
9626,3,Medium,1
9627,2,High,1
9628,6,Critical,1
9629,4,Medium,4
9630,5,Medium,4
9631,1,Medium,5
9632,2,Low,2
9633,6,Critical,3
9634,1,High,5
9635,3,Medium,2
9636,6,High,4
9637,3,Medium,1
9638,3,Low,2
9639,5,High,1
9640,3,Medium,2
9641,1,Critical,5
9642,2,Medium,1
9643,5,High,1
9644,2,Medium,1
9645,3,High,2
9646,4,Low,3
9647,6,Medium,4
9648,5,High,5
9649,3,Medium,1
9650,5,Medium,4
9651,4,Medium,1
9652,1,Critical,5
9653,1,High,5
9654,6,Medium,3
9655,1,High,5
9656,4,Medium,4
9657,2,Critical,2
9658,4,Medium,2
9659,4,Medium,4
9660,3,Low,3
9661,1,Medium,5
9662,5,Medium,3
9663,6,High,5
9664,2,High,1
9665,5,Critical,5
9666,3,Low,1
9667,3,Medium,1
9668,2,Medium,3
9669,5,Low,3
9670,2,Medium,2
9671,2,Medium,1
9672,1,Low,4
9673,5,Low,2
9674,1,High,5
9675,1,Medium,5
9676,6,High,4
9677,1,Medium,5
9678,4,Low,1
9679,3,Low,1
9680,3,Low,1
9681,4,Medium,3
9682,2,Critical,1
9683,5,Medium,5
9684,5,Low,5
9685,5,Low,4
9686,1,Medium,5
9687,5,Medium,3
9688,5,Medium,4
9689,5,Low,4
9690,3,Medium,1
9691,4,Medium,5
9692,6,High,3
9693,2,Low,1
9694,4,Low,3
9695,5,Medium,5
9696,2,Low,2
9697,2,Medium,2
9698,4,Low,4
9699,4,Low,1
9700,4,High,4
9701,6,Medium,2
9702,4,Low,5
9703,6,Low,4
9704,1,High,5
9705,3,Medium,2
9706,6,Critical,3
9707,3,High,1
9708,5,High,3
9709,1,Medium,4
9710,2,High,2
9711,4,Medium,5
9712,5,High,4
9713,2,High,1
9714,3,Medium,1
9715,2,Medium,1
9716,4,Medium,5
9717,4,Medium,1
9718,6,Medium,3
9719,6,Critical,2
9720,3,Medium,4
9721,4,Low,3
9722,1,Medium,5
9723,5,High,3
9724,3,High,1
9725,3,Medium,1
9726,2,Low,1
9727,3,Low,1
9728,5,Low,3
9729,1,Low,4
9730,2,High,1
9731,5,Medium,5
9732,6,Medium,5
9733,3,High,2
9734,4,Medium,4
9735,6,Low,1
9736,4,Medium,5
9737,5,Low,1
9738,1,Medium,5
9739,4,High,4
9740,5,Critical,5
9741,2,Low,2
9742,3,Medium,1
9743,1,Medium,4
9744,1,Medium,5
9745,2,Medium,2
9746,1,Low,5
9747,5,Medium,4
9748,1,High,5
9749,1,Critical,2
9750,1,High,5
9751,5,Low,4
9752,6,Medium,4
9753,3,Medium,2
9754,4,Critical,5
9755,6,Critical,2
9756,1,Critical,5
9757,2,High,1
9758,2,Medium,1
9759,5,High,4
9760,3,Critical,1
9761,1,Medium,5
9762,5,High,5
9763,4,Critical,3
9764,3,Medium,1
9765,3,Low,1
9766,5,Low,4
9767,6,Low,5
9768,2,Medium,1
9769,6,Medium,4
9770,3,Medium,1
9771,2,Medium,1
9772,3,Critical,1
9773,3,Low,1
9774,3,High,5
9775,4,Low,4
9776,2,Medium,2
9777,4,Medium,3
9778,2,High,2
9779,4,Medium,3
9780,4,Low,5
9781,4,Medium,4
9782,5,Low,2
9783,4,Medium,4
9784,6,Medium,5
9785,6,Medium,5
9786,3,High,1
9787,1,Critical,4
9788,4,Medium,4
9789,1,Low,5
9790,1,High,5
9791,3,Medium,1
9792,1,Medium,5
9793,1,Medium,5
9794,6,Medium,5
9795,1,High,5
9796,2,Critical,1
9797,4,Critical,3
9798,4,High,5
9799,1,High,5
9800,3,Low,3
9801,2,High,1
9802,3,Low,1
9803,3,High,3
9804,1,Low,5
9805,5,Medium,3
9806,1,Low,5
9807,6,Medium,1
9808,5,Medium,5
9809,2,Low,5
9810,5,High,1
9811,1,High,5
9812,1,High,5
9813,3,High,2
9814,1,High,5
9815,6,Critical,4
9816,1,Medium,4
9817,4,Medium,5
9818,4,High,1
9819,3,Medium,2
9820,5,Low,3
9821,5,High,5
9822,4,Low,5
9823,6,Medium,1
9824,2,Low,1
9825,6,High,3
9826,4,Critical,3
9827,6,Low,5
9828,2,Low,2
9829,5,Low,5
9830,4,Medium,4
9831,1,Medium,5
9832,2,Medium,2
9833,2,Low,3
9834,2,Medium,1
9835,5,Medium,4
9836,6,Medium,4
9837,3,Low,1
9838,1,Medium,5
9839,4,Medium,2
9840,6,Medium,1
9841,2,Medium,1
9842,5,Medium,3
9843,2,Medium,2
9844,6,High,1
9845,4,Low,5
9846,1,Low,5
9847,2,Low,4
9848,5,Medium,1
9849,5,Low,4
9850,3,Low,1
9851,5,Medium,3
9852,3,Medium,1
9853,1,High,5
9854,4,Medium,4
9855,3,Medium,1
9856,2,High,1
9857,6,Medium,5
9858,2,High,1
9859,4,Critical,4
9860,5,High,5
9861,6,Medium,2
9862,2,Medium,2
9863,6,High,3
9864,3,Medium,1
9865,4,High,2
9866,2,Medium,5
9867,5,High,4
9868,6,Low,5
9869,5,Low,3
9870,6,Medium,3
9871,2,Medium,1
9872,4,Low,1
9873,1,Medium,5
9874,2,Low,2
9875,5,Medium,4
9876,1,Medium,5
9877,4,Low,5
9878,5,Medium,5
9879,4,Low,1
9880,6,Medium,3
9881,2,Low,3
9882,4,High,1
9883,5,Low,5
9884,2,Medium,1
9885,5,Medium,1
9886,5,Low,4
9887,1,Low,5
9888,3,Medium,1
9889,4,Low,2
9890,4,Medium,4
9891,1,Medium,4
9892,6,Low,1
9893,4,Medium,3
9894,1,Critical,5
9895,4,High,4
9896,4,Low,5
9897,5,Low,3
9898,1,Medium,5
9899,6,Low,1
9900,4,Low,3
9901,6,Low,1
9902,3,Low,1
9903,1,Medium,3
9904,1,Medium,5
9905,1,Low,5
9906,5,Medium,5
9907,1,Medium,5
9908,5,Medium,4
9909,3,Critical,1
9910,2,Critical,1
9911,5,Medium,1
9912,4,High,5
9913,1,Low,5
9914,2,Medium,1
9915,5,Medium,1
9916,6,Medium,4
9917,6,Low,4
9918,4,Low,4
9919,2,Medium,3
9920,3,Medium,1
9921,5,Critical,5
9922,6,Low,5
9923,6,Critical,4
9924,5,Low,4
9925,6,Critical,3
9926,3,High,2
9927,6,Low,5
9928,5,Low,5
9929,1,Low,5
9930,6,Critical,5
9931,5,Medium,5
9932,1,Medium,5
9933,6,Low,4
9934,6,Critical,3
9935,5,Low,4
9936,4,Low,5
9937,4,Medium,4
9938,2,Medium,2
9939,4,Low,2
9940,3,Medium,3
9941,2,Low,1
9942,4,Medium,3
9943,1,Medium,5
9944,5,Low,3
9945,4,Medium,1
9946,1,High,5
9947,2,Low,1
9948,5,Medium,3
9949,4,Medium,1
9950,2,Low,1
9951,4,Medium,4
9952,2,Low,1
9953,4,Low,5
9954,1,High,5
9955,3,Low,1
9956,1,Medium,5
9957,5,High,4
9958,4,Low,3
9959,3,Medium,1
9960,3,Critical,5
9961,5,Medium,5
9962,5,Low,3
9963,3,Medium,1
9964,5,Low,4
9965,5,Low,4
9966,4,High,3
9967,1,Low,5
9968,6,Low,3
9969,2,Medium,2
9970,3,Critical,1
9971,2,Low,2
9972,3,Low,1
9973,3,Medium,1
9974,1,Medium,5
9975,3,Medium,1
9976,3,Critical,1
9977,1,Low,5
9978,5,Low,3
9979,6,Low,4
9980,2,Medium,5
9981,3,Medium,1
9982,1,High,5
9983,3,Critical,2
9984,1,Low,4
9985,2,Critical,2
9986,4,Low,3
9987,5,Medium,2
9988,4,High,3
9989,1,Medium,5
9990,3,High,3
9991,5,Medium,5
9992,2,Critical,3
9993,6,High,5
9994,5,Medium,1
9995,3,Critical,1
9996,4,Critical,4
9997,1,Medium,3
9998,4,Medium,5
9999,5,High,3
10000,6,High,4
